time,irr_1_MAX_VALUE,irr_2_MAX_VALUE,irr_3_MAX_VALUE,irr_dav_1_MAX_VALUE
2025-09-04 06:20:00+02:00,2.2432432432432416,2.4004106776180723,3.10034305317324,4.233267748825851
2025-09-04 06:21:00+02:00,2.49272349272349,2.646817248459961,3.203259005145794,4.696484623698384
2025-09-04 06:22:00+02:00,2.7422037422037384,2.89322381930185,3.30617495711835,5.182489973807691
2025-09-04 06:23:00+02:00,2.9916839916839866,3.1396303901437386,3.4090909090909065,5.690261685458048
2025-09-04 06:28:00+02:00,4.099137931034485,4.156034482758624,3.923670668953688,9.411860393170194
2025-09-04 06:29:00+02:00,4.202586206896556,4.259482758620695,4.0923021521374485,10.317813241034091
2025-09-04 06:30:00+02:00,4.306034482758627,4.362931034482767,4.417127071823201,11.27710538045537
2025-09-04 06:31:00+02:00,4.409482758620698,4.466379310344838,4.748618784530384,12.290580525201175
2025-09-04 06:32:00+02:00,4.5129310344827696,4.569827586206908,5.017349587774936,13.338392266960224
2025-09-04 06:33:00+02:00,4.616379310344839,4.673275862068976,5.128227194492255,14.432549170364869
2025-09-04 06:34:00+02:00,4.719827586206905,4.7767241379310414,5.231497418244406,15.574913692723582
2025-09-04 06:35:00+02:00,4.823275862068971,4.880172413793107,5.334767641996557,16.765388324833836
2025-09-04 06:36:00+02:00,4.9267241379310365,4.990843782654128,5.438037865748708,18.00381752940226
2025-09-04 06:37:00+02:00,5.072844827586207,5.191287878787876,5.541308089500859,19.289988434000765
2025-09-04 06:38:00+02:00,5.31,5.418560606060603,5.64457831325301,20.623639745275295
2025-09-04 06:39:00+02:00,5.55,5.645833333333332,5.7478485370051615,22.00446230352568
2025-09-04 06:40:00+02:00,5.79,5.87310606060606,5.851118760757313,23.43210360569183
2025-09-04 06:41:00+02:00,6.00344827586207,6.091827613220594,5.954458682372895,24.90617137852029
2025-09-04 06:42:00+02:00,6.11637931034483,6.299826689774694,6.085677749360614,26.42623702079558
2025-09-04 06:43:00+02:00,6.219827586206901,6.507798960138644,6.239130434782612,27.99183886784385
2025-09-04 06:44:00+02:00,6.323275862068972,6.715771230502593,6.392583120204608,29.602485326894275
2025-09-04 06:45:00+02:00,6.426724137931044,6.923743500866543,6.546035805626604,31.257657842042867
2025-09-04 06:46:00+02:00,6.530172413793115,7.131715771230493,6.699488491048599,33.46062446740399
2025-09-04 06:47:00+02:00,6.633620689655184,7.339688041594443,6.852941176470591,35.271553832793415
2025-09-04 06:48:00+02:00,6.737068965517249,7.547660311958398,7.07239918365238,37.12567751396846
2025-09-04 06:49:00+02:00,6.840517241379316,7.755632582322352,7.631313131313129,39.02232747119493
2025-09-04 06:50:00+02:00,6.943965517241381,7.983827224788199,8.237373737373735,40.96082773692001
2025-09-04 06:51:00+02:00,7.76304945054945,8.487684729064036,8.807007575757574,42.940497072309725
2025-09-04 06:52:00+02:00,8.326923076923075,9.078817733990144,8.0125,44.96065031537307
2025-09-04 06:53:00+02:00,8.656593406593403,9.669950738916254,8.295006747638327,47.020599578458935
2025-09-04 06:54:00+02:00,8.986263736263732,10.224461467813311,9.4089068825911,49.11965537438898
2025-09-04 06:55:00+02:00,9.31593406593406,10.733050847457632,9.89473684210527,51.257127628024165
2025-09-04 06:56:00+02:00,9.645604395604389,11.241525423728822,10.380566801619436,53.43232659698285
2025-09-04 06:57:00+02:00,9.983259626552307,11.750000000000002,10.84672413042532,55.644563729565945
2025-09-04 06:58:00+02:00,10.386759581881527,11.036858974358976,10.503225806451612,57.89315240619351
2025-09-04 06:59:00+02:00,10.80487804878048,11.30448717948718,9.729032258064516,60.177410193634586
2025-09-04 07:00:00+02:00,11.22299651567944,11.068612060208697,9.927598566308244,62.496653320150976
2025-09-04 07:01:00+02:00,11.641114982578395,12.696078431372548,11.892473118279566,64.85020643174519
2025-09-04 07:02:00+02:00,12.260108581152258,13.911787719782746,13.237909044360654,67.2373970198255
2025-09-04 07:03:00+02:00,13.53062015503876,15.432148446232953,14.554653679653676,69.65755737768403
2025-09-04 07:04:00+02:00,12.36025641025641,12.994724025974028,13.34259259259259,72.11002503280857
2025-09-04 07:05:00+02:00,12.66239316239316,12.850649350649356,13.740196078431367,74.59414311318409
2025-09-04 07:06:00+02:00,13.175213675213673,13.629870129870133,14.328431372549014,77.10926067353014
2025-09-04 07:07:00+02:00,13.688034188034186,14.707865168539328,14.82675938592491,79.65473300640335
2025-09-04 07:08:00+02:00,13.111462313075217,15.231464142044668,13.918604651162788,82.22992187195368
2025-09-04 07:09:00+02:00,13.325307495938732,15.246913580246916,14.71297065337763,84.8341957428656
2025-09-04 07:10:00+02:00,14.568345323741005,17.083333333333336,16.62359751121991,87.46693177036136
2025-09-04 07:11:00+02:00,15.431654676258988,17.207757107757107,18.08139534883721,90.12750886706708
2025-09-04 07:12:00+02:00,15.458439402324297,17.637837837837846,18.366486710963454,92.81531846412858
2025-09-04 07:13:00+02:00,15.110667853273483,16.989189189189194,18.17749261866909,95.52975755813918
2025-09-04 07:14:00+02:00,14.80687973997833,16.340540540540545,17.264612511671338,98.27023058551218
2025-09-04 07:20:00+02:00,17.35012371862849,20.54285714285714,21.370129870129865,115.22738289270384
2025-09-04 07:21:00+02:00,17.391695083830633,21.653161059645697,22.14935064935064,118.13405649633737
2025-09-04 07:22:00+02:00,18.664705882352937,21.73720136518772,22.83768007948336,121.06227127528868
2025-09-04 07:23:00+02:00,19.37058823529411,21.327645051194555,22.59426229508198,124.0115021824177
2025-09-04 07:24:00+02:00,19.83459194488606,20.91808873720139,22.102459016393453,126.98122980040044
2025-09-04 07:25:00+02:00,19.16891891891891,20.508532423208205,21.610655737704928,129.97094223173153
2025-09-04 07:26:00+02:00,18.38249004818772,20.238763057193093,20.94476971116316,132.98013503871937
2025-09-04 07:27:00+02:00,20.023608174770967,22.124242424242425,22.156385281385283,136.00831120554506
2025-09-04 07:28:00+02:00,20.680281690140845,23.033898305084744,24.033898305084744,139.05498103906504
2025-09-04 07:29:00+02:00,20.894366197183103,23.289863945578237,24.289863945578237,142.11966211890712
2025-09-04 07:30:00+02:00,21.70791824115425,23.52722222222222,24.52722222222222,145.20187921675682
2025-09-04 07:31:00+02:00,21.213857619345426,24.67544593088072,25.699264705882356,148.3011642094541
2025-09-04 07:32:00+02:00,21.79124748490946,25.50828157349897,26.516024340770787,151.41705811459087
2025-09-04 07:33:00+02:00,23.41795215738878,25.953379953379955,27.334882944910166,154.5491025988876
2025-09-04 07:34:00+02:00,23.71599698170157,26.211274509803925,27.935185185185187,157.69685245007565
2025-09-04 07:35:00+02:00,25.646323743097938,26.5376811594203,28.571236559139777,160.8598671311419
2025-09-04 07:36:00+02:00,24.67567567567568,25.495694322860945,27.604838709677413,164.03771276497935
2025-09-04 07:37:00+02:00,25.758165402244348,25.163310961968676,29.31642192264484,167.22996206342648
2025-09-04 07:38:00+02:00,26.85625,25.431767337807585,30.75439350012527,170.4361941933695
2025-09-04 07:39:00+02:00,27.60625,25.700223713646512,30.057553956834525,173.6559947041016
2025-09-04 07:40:00+02:00,28.363057324840767,25.96868008948544,29.26042727461866,176.88895542180518
2025-09-04 07:41:00+02:00,29.12738853503185,26.23713646532437,29.4703196347032,180.13467435073932
2025-09-04 07:42:00+02:00,29.88302708951657,26.505592841163303,30.01826484018265,183.3927555677197
2025-09-04 07:43:00+02:00,30.53926701570681,26.774049217002236,30.5662100456621,186.66280914625668
2025-09-04 07:44:00+02:00,31.16753926701571,27.111791025134888,31.05695618381424,189.944453225278
2025-09-04 07:45:00+02:00,31.817286360812847,27.681372549019613,31.385638297872333,193.2373051235425
2025-09-04 07:46:00+02:00,33.37703869523506,28.26960784313725,31.704787234042545,196.5409944384337
2025-09-04 07:47:00+02:00,35.64191519578008,28.863392526822054,32.02393617021276,199.85515414608824
2025-09-04 07:48:00+02:00,39.12156072106262,29.57232704402516,32.343085106382986,203.17942272502785
2025-09-04 07:49:00+02:00,44.23611111111111,30.327044025157235,32.662234042553195,206.5134440208431
2025-09-04 07:50:00+02:00,49.06574621959237,31.09012578616352,33.01858073078678,209.8568671756788
2025-09-04 07:51:00+02:00,49.39053254437868,31.886666666666667,33.66081871345031,213.20934653133293
2025-09-04 07:52:00+02:00,48.68047337278105,32.68353455818023,34.36257309941522,216.57054150408104
2025-09-04 07:53:00+02:00,47.55925861468848,33.14370078740159,35.06221012300868,219.9401165530087
2025-09-04 07:54:00+02:00,44.89761904761904,33.37992125984257,35.752873563218394,223.3177410248984
2025-09-04 07:55:00+02:00,41.962637362637366,33.61614173228353,36.44252873563219,226.7030913671721
2025-09-04 07:56:00+02:00,38.38446275946276,33.852362204724464,36.8787662835249,230.09584194494363
2025-09-04 07:57:00+02:00,34.90347189042841,34.0885826771654,36.46800000000001,233.49567856731252
2025-09-04 07:58:00+02:00,34.350000000000016,34.32480314960633,35.98800000000002,236.9022893491778
2025-09-04 07:59:00+02:00,34.81153846153849,34.561023622047266,35.50800000000003,240.3153668543856
2025-09-04 08:00:00+02:00,35.27307692307696,34.7972440944882,35.15528078817734,243.7346080357418
2025-09-04 08:01:00+02:00,35.7346153846154,35.15984903482809,35.605911330049274,247.15971414547928
2025-09-04 08:02:00+02:00,36.17214137214137,35.971631205673745,36.1970443349754,250.5903906462015
2025-09-04 08:03:00+02:00,36.57770270270269,36.81287506819421,36.7866118144205,254.02634715514225
2025-09-04 08:04:00+02:00,36.98310810810807,37.48717948717948,37.27598566308245,257.4672973265495
2025-09-04 08:05:00+02:00,37.38851351351347,38.102564102564095,37.70609318996417,260.9129587993958
2025-09-04 08:06:00+02:00,37.793918918918905,38.71794871794871,38.1362007168459,264.36305542839943
2025-09-04 08:07:00+02:00,38.19218241042346,39.17333333333331,38.566308243727626,267.8173079455077
2025-09-04 08:08:00+02:00,38.58306188925084,39.4933333333333,38.99586288416076,271.27544779333243
2025-09-04 08:09:00+02:00,38.97394136807821,39.8133333333333,39.42198581560283,274.7372077618394
2025-09-04 08:10:00+02:00,39.36482084690558,40.13333333333332,39.84751773049644,278.20232425561795
2025-09-04 08:11:00+02:00,39.75570032573293,40.45333333333332,40.27304964539005,281.6705372175168
2025-09-04 08:12:00+02:00,40.14609508298435,40.77333333333333,40.698581560283664,285.14159005337035
2025-09-04 08:13:00+02:00,40.53571428571431,41.07722595078301,41.09983040394696,288.6152295913484
2025-09-04 08:14:00+02:00,40.925324675324696,41.34675615212532,41.449275362318815,292.0912059763109
2025-09-04 08:15:00+02:00,41.31493506493508,41.61521252796427,41.79710144927532,295.5692726327818
2025-09-04 08:16:00+02:00,41.70454545454546,41.883668903803205,42.14492753623183,299.0491861942346
2025-09-04 08:17:00+02:00,42.09485612426789,42.152125279642114,42.49275362318838,302.53070877041387
2025-09-04 08:18:00+02:00,42.48692810457517,42.42058165548102,42.84057971014492,306.01359857265294
2025-09-04 08:19:00+02:00,42.87908496732027,42.68903803131993,43.16883116883116,309.49762382457845
2025-09-04 08:20:00+02:00,43.27124183006536,42.97683445190157,43.48051948051947,316.9702650168032
2025-09-04 08:21:00+02:00,43.66339869281046,43.50499999999997,43.79220779220778,320.4894917278085
2025-09-04 08:22:00+02:00,44.086559410088825,44.10499999999999,44.10389610389609,324.00922897785324
2025-09-04 08:23:00+02:00,44.61990950226244,44.70499999999999,44.41558441558441,327.5292511490687
2025-09-04 08:24:00+02:00,45.1628959276018,45.24999999999999,44.72727272727273,331.04933533397684
2025-09-04 08:25:00+02:00,45.70588235294117,45.7418032786885,45.05386738396447,334.56926131408534
2025-09-04 08:26:00+02:00,46.15492957746477,46.233606557377016,45.43689320388347,338.0888115057473
2025-09-04 08:27:00+02:00,46.49295774647883,46.72540983606556,45.82524271844656,341.6077709081592
2025-09-04 08:28:00+02:00,46.83098591549293,47.1670351312682,46.213592233009656,345.1259270827845
2025-09-04 08:29:00+02:00,47.16901408450702,47.5457413249211,46.60194174757279,348.6430724292742
2025-09-04 08:30:00+02:00,47.50704225352112,47.92429022082013,46.98379202439221,352.15899473338743
2025-09-04 08:31:00+02:00,47.84507042253521,48.30283911671921,47.322314049586815,355.6734912696225
2025-09-04 08:32:00+02:00,48.22648083623695,48.68138801261828,47.65289256198351,359.1863593174909
2025-09-04 08:33:00+02:00,48.64459930313592,49.046339033704136,47.9834710743802,362.69739850564736
2025-09-04 08:34:00+02:00,49.06271777003486,49.36578947368423,48.31404958677688,366.2064107321054
2025-09-04 08:35:00+02:00,49.48083623693381,49.68157894736845,48.644628099173566,369.7132001512962
2025-09-04 08:36:00+02:00,49.8960064325918,49.99736842105267,48.979006610429536,373.2175731285415
2025-09-04 08:37:00+02:00,50.24999999999998,50.31315789473688,49.34472049689442,376.7193381953695
2025-09-04 08:38:00+02:00,50.579670329670286,50.62894736842109,49.71739130434785,380.2183060391188
2025-09-04 08:39:00+02:00,50.90934065934061,50.94798631799625,50.09006211180128,383.71428942721263
2025-09-04 08:40:00+02:00,51.23901098901094,51.311320754716974,50.4627329192547,387.207105538343
2025-09-04 08:41:00+02:00,51.56868131868129,51.688679245283,50.83535561193248,390.6965665545462
2025-09-04 08:42:00+02:00,51.89976888191173,52.06603773584902,51.18873239436618,394.1824936744272
2025-09-04 08:43:00+02:00,52.28231292517006,52.443396226415054,51.52676056338024,397.66470773397424
2025-09-04 08:44:00+02:00,52.690476190476176,52.82075471698112,51.86478873239434,401.1430314781009
2025-09-04 08:45:00+02:00,53.09863945578229,53.17166212534061,52.202816901408426,404.6172895553819
2025-09-04 08:46:00+02:00,53.506802721088405,53.49863760217988,52.54084507042253,408.087308478949
2025-09-04 08:47:00+02:00,53.91514131425765,53.82561307901912,52.87918767750536,411.5529165906759
2025-09-04 08:48:00+02:00,54.32646048109965,54.15258855585835,53.23765432098767,415.01394405556266
2025-09-04 08:49:00+02:00,54.73883161512027,54.47956403269757,53.60802469135803,418.47022279472935
2025-09-04 08:50:00+02:00,55.151202749140886,54.8065395095368,53.978395061728406,421.92158648141947
2025-09-04 08:51:00+02:00,55.5635738831615,55.150945294487535,54.34876543209878,425.3678728162969
2025-09-04 08:52:00+02:00,55.97131437206016,55.52,54.71913580246914,428.8089142529915
2025-09-04 08:53:00+02:00,56.34346504559273,55.88923076923077,55.09989921894683,432.2445518620809
2025-09-04 08:54:00+02:00,56.70820668693013,56.25846153846154,55.50680272108843,435.6746260194645
2025-09-04 08:55:00+02:00,57.07294832826751,56.62769230769231,55.91496598639454,439.0989787181289
2025-09-04 08:56:00+02:00,57.43768996960488,56.99969331322273,56.32312925170066,442.517453537498
2025-09-04 08:57:00+02:00,57.80243161094226,57.38888888888889,56.73129251700678,445.9298956110272
2025-09-04 08:58:00+02:00,58.18900343642611,57.78104575163399,57.14349935778507,449.33615162869273
2025-09-04 08:59:00+02:00,58.60137457044673,58.173202614379086,57.56293706293704,452.7360697741928
2025-09-04 09:00:00+02:00,59.01374570446735,58.56535947712419,57.98251748251744,456.12949972781456
2025-09-04 09:01:00+02:00,59.42611683848797,58.95559253262977,58.40209790209787,459.5162926370352
2025-09-04 09:02:00+02:00,59.83865704636427,59.3272171253823,58.82143363082589,462.8963033524385
2025-09-04 09:03:00+02:00,60.26937269372693,59.69418960244652,59.19060773480663,465.6323611111111
2025-09-04 09:04:00+02:00,60.7121771217712,60.06116207951073,59.522099447513824,469.63538436999846
2025-09-04 09:05:00+02:00,61.15498154981547,60.42813455657495,59.853591160221015,469.7845833333333
2025-09-04 09:06:00+02:00,61.59778597785976,60.79510703363915,60.185082872928206,475.0057657657658
2025-09-04 09:07:00+02:00,61.98120307927218,61.11711568473563,60.5165745856354,475.5455341484342
2025-09-04 09:08:00+02:00,62.112931034482784,61.38274336283183,60.84806629834256,479.0392595899471
2025-09-04 09:09:00+02:00,62.21637931034488,61.64823008849552,61.1825842696629,480.022290954416
2025-09-04 09:21:00+02:00,65.22604422604424,65.3011494252873,64.48501872659168,504.5941944444445
2025-09-04 09:22:00+02:00,65.52088452088454,65.57701149425277,64.70973782771527,508.10850529100526
2025-09-04 09:23:00+02:00,65.81572481572483,65.85287356321825,64.93543138949615,510.8716666666666
2025-09-04 09:24:00+02:00,66.10892909197993,66.12873563218379,65.19230769230772,513.5574603174604
2025-09-04 09:25:00+02:00,66.39951573849875,66.40459770114934,65.46380090497745,516.9803777777778
2025-09-04 09:26:00+02:00,66.69007263922511,66.6804597701149,65.73529411764717,517.2546
2025-09-04 09:27:00+02:00,66.98062953995147,66.96011624869384,66.0067873303169,523.7589030934342
2025-09-04 09:28:00+02:00,67.27118644067784,67.28693181818184,66.27828054298654,522.6042058404558
2025-09-04 09:29:00+02:00,67.56174334140428,67.62784090909096,66.54977375565618,520.4641250263546
2025-09-04 09:30:00+02:00,67.85230024213072,67.96875000000009,66.82126696832582,521.0788060224089
2025-09-04 09:41:00+02:00,70.68552036199105,70.69544270833335,69.68089887640446,549.6918518518519
2025-09-04 09:42:00+02:00,70.95701357466078,69.72500000000002,69.95056179775275,547.6843428330928
2025-09-04 09:43:00+02:00,71.22850678733043,69.46973905723907,70.22022471910105,546.3302645502646
2025-09-04 09:44:00+02:00,71.50000000000007,70.63278619528622,70.48988764044935,548.5192180735932
2025-09-04 09:45:00+02:00,71.77149321266971,71.39351851851849,70.7595505617977,551.6412297771673
2025-09-04 09:46:00+02:00,72.15082956259428,71.94907407407405,71.15961755123168,554.5105937118437
2025-09-04 09:47:00+02:00,72.89102564102568,72.50462962962962,72.0813008130081,560.1256076388889
2025-09-04 09:48:00+02:00,73.65918803418805,72.79579702251272,72.7499766376974,567.1182407407408
2025-09-04 09:56:00+02:00,75.89103074834752,74.76793248945148,74.8557259503225,584.1544484126983
2025-09-04 09:57:00+02:00,75.2265625,74.26160337552744,74.12142857142858,580.9350925925926
2025-09-04 09:58:00+02:00,74.33390827922078,73.7552742616034,73.30837275307475,577.3232559523809
2025-09-04 09:59:00+02:00,74.60389610389613,73.25523098561077,73.61589403973508,572.5596388888889
2025-09-04 10:00:00+02:00,75.3831168831169,74.0923076923077,74.41059602649004,572.3150529100529
2025-09-04 10:01:00+02:00,76.09684281236004,75.32972972972969,75.12362970269128,581.1480555555555
2025-09-04 10:02:00+02:00,76.62499999999994,75.97837837837834,75.64255319148936,581.9703009259259
2025-09-04 10:03:00+02:00,77.14224137931029,76.62702702702701,76.15319148936169,587.2840701058202
2025-09-04 10:04:00+02:00,77.65948275862067,77.5292326809568,76.66382978723402,591.6925
2025-09-04 10:05:00+02:00,77.71304667788058,78.76896551724136,76.78825987841945,598.5298633040935
2025-09-04 10:18:00+02:00,82.6894117647059,82.2591362126246,81.65384615384617,630.4863194444445
2025-09-04 10:19:00+02:00,82.97176470588236,82.6578073089701,82.5769230769231,630.2722652116403
2025-09-04 10:20:00+02:00,83.25411764705883,83.0978626799557,82.57364341085274,634.0915324074074
2025-09-04 10:21:00+02:00,83.5364705882353,83.68499999999996,81.64341085271322,639.4335694444444
2025-09-04 10:22:00+02:00,83.81882352941177,84.28499999999995,81.20528792912516,641.7265972222223
2025-09-04 10:23:00+02:00,84.03532961460446,84.88713261648745,81.66269841269848,647.7979305555556
2025-09-04 10:24:00+02:00,84.14051724137934,85.52150537634407,82.13888888888893,648.800337962963
2025-09-04 10:30:00+02:00,84.76120689655187,85.51839464882949,84.46374269005848,658.7590740740741
2025-09-04 10:31:00+02:00,84.86465517241388,85.91973244147162,85.42543859649123,661.6202175925927
2025-09-04 10:32:00+02:00,84.98216700473294,86.32107023411373,85.95175438596493,662.2513888888889
2025-09-04 10:33:00+02:00,85.61105275443511,86.72240802675587,86.47807017543863,663.4397987117552
2025-09-04 10:47:00+02:00,88.45279838815308,87.61666449673969,87.4224860545756,685.8556712962964
2025-09-04 10:48:00+02:00,90.33395445134578,91.27260904361744,91.16666666666669,684.4663888888889
2025-09-04 10:49:00+02:00,89.75714285714288,89.61764705882352,90.14606741573034,680.2485972222222
2025-09-04 10:50:00+02:00,87.564417989418,86.48529411764706,87.1325686641698,682.3074470899471
2025-09-04 10:54:00+02:00,92.21969696969695,92.49318181818182,91.83792010145848,717.2123228276354
2025-09-04 10:55:00+02:00,91.62188057041,91.59182692307694,91.63614457831328,712.7930317460317
2025-09-04 10:56:00+02:00,92.71455045432806,92.80264486169996,91.34698795180732,714.6994935388685
2025-09-04 10:57:00+02:00,92.06504065040654,92.44488188976372,91.05783132530132,715.409212962963
2025-09-04 11:06:00+02:00,90.9030172413793,92.35972455709296,91.5351181902906,713.5694573412699
2025-09-04 11:07:00+02:00,92.76428035982008,93.4099099099099,92.49099099099097,718.0819444444445
2025-09-04 11:08:00+02:00,93.2586956521739,93.95045045045042,93.03153153153148,716.410375
2025-09-04 11:09:00+02:00,93.51956521739127,94.49099099099094,93.57207207207205,718.4479907407407
2025-09-04 11:37:00+02:00,94.66984126984129,95.69180327868844,93.70568561872916,726.1420405982907
2025-09-04 11:38:00+02:00,95.05079365079364,96.08524590163924,94.10702341137127,721.465707070707
2025-09-04 11:39:00+02:00,95.43174603174604,96.47868852459013,94.5083612040134,719.0320128205127
2025-09-04 11:40:00+02:00,95.8126984126984,96.86568918409648,94.91049389985398,719.9878089387465
2025-09-04 11:41:00+02:00,95.90528905289052,96.93879310344828,95.32746478873236,728.4111659356726
2025-09-04 11:42:00+02:00,95.68450184501846,96.83534482758616,95.75,726.3051636904762
2025-09-04 11:43:00+02:00,95.46309963099633,96.73189655172408,96.17253521126754,729.0409201388889
2025-09-04 11:44:00+02:00,95.2416974169742,96.628448275862,96.59507042253516,727.1689202279202
2025-09-04 11:45:00+02:00,95.02029520295206,96.52499999999988,96.44485945754327,732.7820138888889
2025-09-04 11:46:00+02:00,94.79889298892992,96.4215517241378,95.21270718232046,729.4888670634922
2025-09-04 11:47:00+02:00,94.5774907749078,96.31810344827572,95.54419889502763,732.0959583333333
2025-09-04 11:48:00+02:00,94.35608856088564,96.21465517241366,95.87569060773484,731.9813095238096
2025-09-04 11:49:00+02:00,94.13468634686348,96.11120689655164,96.20718232044204,729.9291203703702
2025-09-04 11:50:00+02:00,94.83823529411764,96.00209308434424,96.53867403314922,723.9989384920635
2025-09-04 11:51:00+02:00,94.3966911764706,95.84626038781164,96.86832412523025,729.1919343711844
2025-09-04 11:52:00+02:00,89.0791666666667,95.68005540166205,96.65193370165746,730.7206481481481
2025-09-04 11:53:00+02:00,93.44557748538011,95.51385041551248,95.98895027624307,730.6100438034188
2025-09-04 11:54:00+02:00,95.01503759398496,95.34764542936288,95.3259668508287,729.8935694444444
2025-09-04 11:55:00+02:00,94.20404271548436,95.18144044321332,95.15010570824528,726.1428333333333
2025-09-04 12:02:00+02:00,95.8984953618267,98.28431372549022,96.91102889358704,729.5424074074075
2025-09-04 12:03:00+02:00,94.85668513087867,97.1349603671256,96.12790697674416,725.1547323848239
2025-09-04 12:04:00+02:00,93.66161616161617,96.22695035460994,94.93317542348552,725.2181822612087
2025-09-04 12:05:00+02:00,93.05555555555551,95.37567966903076,94.337962962963,721.5918859649123
2025-09-04 12:06:00+02:00,92.44949494949492,94.44166666666668,93.78240740740743,716.296736111111
2025-09-04 12:12:00+02:00,94.0,96.92775898443185,96.81291880524664,727.5870126262625
2025-09-04 12:13:00+02:00,94.0,96.89396551724134,96.74702380952384,725.1940567129628
2025-09-04 12:14:00+02:00,94.0,96.79051724137928,96.38988095238096,726.6025
2025-09-04 12:15:00+02:00,94.0,96.68706896551716,96.03273809523812,723.2014888888889
2025-09-04 12:16:00+02:00,94.0,96.58362068965506,95.67559523809524,723.0008023504273
2025-09-04 12:17:00+02:00,94.0,96.480172413793,95.3184523809524,723.5738657407406
2025-09-04 12:18:00+02:00,94.0,96.37672413793088,94.97512488328664,717.0684543650794
2025-09-04 12:19:00+02:00,94.0,96.2732758620688,94.6870588235294,718.4905773809523
2025-09-04 12:20:00+02:00,94.0,96.1698275862068,94.40470588235291,723.7526785714285
2025-09-04 12:21:00+02:00,93.48245614035086,96.06637931034476,94.12235294117647,727.4151388888889
2025-09-04 12:23:00+02:00,91.55900621118012,94.33879781420768,93.55764705882352,718.2532638888888
2025-09-04 12:24:00+02:00,90.81366459627326,93.68306010928964,93.27529411764704,715.9863422035481
2025-09-04 12:25:00+02:00,90.80385636907376,93.67896174863388,93.63047164811871,710.0398638344227
2025-09-04 12:26:00+02:00,91.05194805194806,94.03508297258296,94.08091109977904,708.9853472222222
2025-09-04 12:27:00+02:00,92.54810668258943,94.88275156629584,94.68769872813992,704.7991666666667
2025-09-04 12:28:00+02:00,94.1819923371648,96.57317814489022,95.87500000000004,719.4032407407408
2025-09-04 12:29:00+02:00,94.41187739463612,97.25141242937848,96.73529411764709,723.894861111111
2025-09-04 12:30:00+02:00,94.64176245210736,97.59039548022592,97.0,722.9968148148149
2025-09-04 12:31:00+02:00,94.87164750957862,97.9293785310734,97.0,724.0978450854701
2025-09-04 12:32:00+02:00,95.10153256704986,98.26836158192089,97.0,723.0871212121211
2025-09-04 12:33:00+02:00,95.33141762452112,98.60734463276836,97.0,723.3813596491227
2025-09-04 12:34:00+02:00,95.56130268199236,98.99947033898304,97.0,727.7445833333333
2025-09-04 12:35:00+02:00,95.79118773946362,100.05208333333336,97.0,728.3899074074075
2025-09-04 12:36:00+02:00,95.92364733992169,101.32911985018728,97.0,731.2455092592592
2025-09-04 12:37:00+02:00,95.55350553505536,102.48818784212044,97.0,731.2389583333334
2025-09-04 12:38:00+02:00,95.1107011070111,100.4021739130435,97.0,732.7872097578347
2025-09-04 12:39:00+02:00,94.66789667896684,99.06918331374855,96.97119341563786,733.4494907407408
2025-09-04 12:41:00+02:00,93.81790123456794,96.77984084880632,96.4246913580246,731.8664682539684
2025-09-04 12:42:00+02:00,93.4475308641976,96.4615384615384,96.12839506172833,731.5650853174603
2025-09-04 12:43:00+02:00,93.07716049382726,96.14323607427052,95.83209876543204,729.736550925926
2025-09-04 12:44:00+02:00,92.70679012345688,95.8249336870026,95.53580246913576,732.0659305555555
2025-09-04 12:45:00+02:00,92.33641975308645,95.50663129973474,95.23950617283948,732.4516203703703
2025-09-04 12:56:00+02:00,92.54329953411892,94.08653901443272,94.07584269662917,699.7841666666667
2025-09-04 12:57:00+02:00,93.72360154645402,95.45909619296717,94.41292134831453,700.7037023809524
2025-09-04 12:58:00+02:00,94.78225806451611,95.90540540540542,94.74999999999994,707.4535011574075
2025-09-04 12:59:00+02:00,95.65927419354836,97.18548387096774,94.99016853932584,708.101537037037
2025-09-04 13:00:00+02:00,94.53938492063492,97.32828282828284,95.0,713.877232905983
2025-09-04 13:01:00+02:00,93.78750000000008,96.67599067599076,95.0,713.3112777777778
2025-09-04 13:02:00+02:00,93.5732142857144,96.39627039627044,95.0,718.9642708333334
2025-09-04 13:03:00+02:00,93.3589285714287,96.11655011655016,95.0,718.5105158730158
2025-09-04 13:04:00+02:00,93.14464285714304,95.83682983682986,95.0,723.0136058201057
2025-09-04 13:05:00+02:00,92.9303571428573,95.55710955710958,95.0,718.6418194444444
2025-09-04 13:06:00+02:00,92.71607142857154,95.2773892773893,95.0,717.2936721611721
2025-09-04 13:07:00+02:00,92.5017857142858,94.9715505378156,95.0,715.6409885531135
2025-09-04 13:08:00+02:00,92.28750000000008,94.51405622489956,95.0,712.6422781986531
2025-09-04 13:09:00+02:00,92.0643543956044,94.03212851405614,94.56737588652484,706.3041633597883
2025-09-04 13:10:00+02:00,91.39230769230768,93.55020080321282,93.7163120567376,703.43083994709
2025-09-04 13:11:00+02:00,90.46923076923076,93.17669335058352,92.97493274639277,702.441858974359
2025-09-04 13:12:00+02:00,90.53076923076924,93.75838926174497,92.60057471264366,701.3163952991454
2025-09-04 13:13:00+02:00,91.4538461538462,94.56375838926174,92.25574712643676,706.0421441798941
2025-09-04 13:14:00+02:00,91.52134764460344,94.48501872659176,91.91091954022984,707.4550299145299
2025-09-04 13:33:00+02:00,90.37941176470584,94.39351851851852,95.35368792344764,699.0746964285714
2025-09-04 13:34:00+02:00,90.02647058823526,96.17307692307692,94.65533980582528,699.9434027777778
2025-09-04 13:35:00+02:00,89.67352941176462,94.54166666666669,94.0728155339806,696.6433333333333
2025-09-04 13:36:00+02:00,89.32058823529405,93.54166666666669,93.49029126213594,696.471550925926
2025-09-04 13:37:00+02:00,89.12957097368862,92.68749999999996,92.79974634829004,683.1485601851851
2025-09-04 13:38:00+02:00,88.40217773094487,92.00568181818176,91.74774774774778,679.3632962962963
2025-09-04 13:39:00+02:00,87.04696557531008,91.32386363636364,90.89398533148533,678.5407465277777
2025-09-04 13:40:00+02:00,86.52836879432624,90.6174089068826,90.49679487179482,673.9803712606838
2025-09-04 13:41:00+02:00,86.10283687943263,89.88866396761138,90.1121794871794,671.3977435897435
2025-09-04 13:42:00+02:00,85.67730496453902,89.15991902834014,89.72756410256402,668.9441018518519
2025-09-04 13:43:00+02:00,85.25177304964541,88.43117408906886,89.34294871794867,668.8563888888889
2025-09-04 13:46:00+02:00,86.89795918367348,89.86966824644547,90.7933673469388,666.4543402777778
2025-09-04 13:47:00+02:00,86.67532467532469,89.58530805687197,90.48724489795926,665.9219502314814
2025-09-04 13:48:00+02:00,86.4526901669759,89.30094786729853,90.18112244897964,662.9563888888889
2025-09-04 13:49:00+02:00,86.23005565862711,89.01658767772507,89.87500000000004,664.1065625
2025-09-04 13:50:00+02:00,86.00742115027832,88.73222748815164,89.56887755102044,667.8545833333334
2025-09-04 13:51:00+02:00,85.78478664192953,88.44786729857817,89.26275510204083,666.5134722222223
2025-09-04 13:52:00+02:00,85.56215213358074,88.16350710900474,89.01955782312926,661.6230085470086
2025-09-04 13:53:00+02:00,85.33951762523195,88.00078988941549,89.0,660.2928174603175
2025-09-04 13:54:00+02:00,85.11688311688314,88.0,89.0,658.3978571428571
2025-09-04 13:55:00+02:00,85.0,88.0,89.0,658.1136342592592
2025-09-04 13:56:00+02:00,85.0,88.0,89.0,659.0643531746032
2025-09-04 13:57:00+02:00,85.0,88.0,89.0,658.2680694444444
2025-09-04 13:58:00+02:00,85.0,88.0,89.0,658.6502643849207
2025-09-04 13:59:00+02:00,85.0,88.0,89.0,660.2943701923077
2025-09-04 14:00:00+02:00,85.0,88.0,89.0,658.5457361111111
2025-09-04 14:01:00+02:00,85.0,88.0,89.0,657.0259313725489
2025-09-04 14:02:00+02:00,85.0,87.99159663865545,88.736798679868,655.9457046568627
2025-09-04 14:03:00+02:00,85.0,87.80882352941173,88.14356435643566,659.0776048976608
2025-09-04 14:04:00+02:00,84.97260273972603,87.55672268907553,87.54950495049508,653.5769415204678
2025-09-04 14:05:00+02:00,84.37671232876714,87.30462184873937,87.00718227560462,646.4336388888888
2025-09-04 14:06:00+02:00,83.55479452054797,87.05252100840328,86.69789227166284,645.0893783068783
2025-09-04 14:07:00+02:00,82.97753706619045,86.80042016806715,86.416861826698,645.1530972222222
2025-09-04 14:08:00+02:00,82.86363636363632,86.54831932773105,86.13583138173313,643.7699444444444
2025-09-04 14:09:00+02:00,82.76072041166373,86.29621848739492,85.85480093676823,645.1839682539683
2025-09-04 14:10:00+02:00,82.65780445969114,86.05198196116935,85.57377049180333,641.5288234126984
2025-09-04 14:11:00+02:00,82.55488850771854,85.91494845360826,85.29274004683843,642.3164675925926
2025-09-04 14:12:00+02:00,82.45197255574595,85.81185567010313,85.0302262915832,636.12515625
2025-09-04 14:13:00+02:00,82.3490566037734,85.708762886598,84.9010327022376,638.8309722222222
2025-09-04 14:14:00+02:00,82.2461406518009,85.60567010309286,84.79776247848545,638.5709126984127
2025-09-04 14:15:00+02:00,82.1432246998284,85.50257731958773,84.69449225473329,635.954417989418
2025-09-04 14:16:00+02:00,82.03841136734216,85.3994845360826,84.59122203098113,633.9223015873016
2025-09-04 14:17:00+02:00,81.72962962962963,85.29639175257746,84.48795180722897,631.1751884920635
2025-09-04 14:18:00+02:00,81.28518518518517,85.19329896907229,84.3846815834768,624.8975892857143
2025-09-04 14:19:00+02:00,80.90746426250814,85.09020618556707,84.28141135972464,629.107800925926
2025-09-04 14:20:00+02:00,80.64254385964917,84.93284924230817,84.17814113597248,628.7433055555556
2025-09-04 14:21:00+02:00,80.37938596491232,84.57006369426749,84.07487091222032,628.3560277777777
2025-09-04 14:22:00+02:00,80.11622807017547,84.18789808917195,83.14731859769905,625.2373611111111
2025-09-04 14:23:00+02:00,79.85307017543862,83.79801324503312,82.55263157894736,627.9858589616402
2025-09-04 14:24:00+02:00,79.58991228070177,83.40066225165565,82.20175438596489,627.03275
2025-09-04 14:25:00+02:00,79.32675438596492,83.00331125827817,81.85087719298242,623.470302579365
2025-09-04 14:26:00+02:00,79.05857531760437,82.6059602649007,81.49999999999996,617.8813044871795
2025-09-04 14:27:00+02:00,78.68620689655175,82.2086092715232,81.14871434002247,612.4004662698412
2025-09-04 14:34:00+02:00,76.16824644549759,79.39774859287061,78.32527472527472,597.3764583333333
2025-09-04 14:35:00+02:00,75.88388625592414,79.17260787992501,78.06153846153846,594.0683449074074
2025-09-04 14:36:00+02:00,75.59952606635069,78.94746716697941,77.7978021978022,590.6684628817414
2025-09-04 14:37:00+02:00,75.31516587677724,78.7223264540338,77.53406593406594,589.4976111111112
2025-09-04 14:38:00+02:00,75.02423546505958,78.4971857410882,77.27032967032967,588.1388576388889
2025-09-04 14:39:00+02:00,74.66975308641979,78.2720450281426,76.9999734136831,587.7820185185185
2025-09-04 14:40:00+02:00,74.29938271604946,78.03247565442688,76.6854838709677,585.6329710144927
2025-09-04 14:41:00+02:00,73.92901234567911,77.54761904761902,76.36290322580636,584.5027777777779
2025-09-04 14:42:00+02:00,73.5586419753087,76.97619047619041,76.04032258064505,578.9187499999999
2025-09-04 14:43:00+02:00,73.1882716049383,76.40476190476187,75.71774193548379,579.045267094017
2025-09-04 14:44:00+02:00,72.5563909774436,75.91908297972655,75.39516129032253,574.1488888888889
2025-09-04 14:45:00+02:00,71.65413533834585,75.61633663366338,75.07030042254972,574.1750000000001
2025-09-04 14:52:00+02:00,69.36196319018403,72.2689393939394,72.61203319502069,551.8369642857143
2025-09-04 14:53:00+02:00,70.09815950920242,72.84659090909095,72.36307053941898,551.4292303240741
2025-09-04 14:54:00+02:00,70.80489026156927,73.52840909090911,72.11410788381728,554.0831096491228
2025-09-04 14:55:00+02:00,70.92881646655229,73.8332776292335,71.86514522821561,551.732829710145
2025-09-04 14:56:00+02:00,70.8259005145797,73.2794117647059,71.616182572614,551.3845833333334
2025-09-04 14:57:00+02:00,70.72298456260711,72.69117647058827,71.36721991701238,549.2552804232804
2025-09-04 14:58:00+02:00,70.62006861063452,72.24023159988634,71.12153466835045,546.1110945767197
2025-09-04 14:59:00+02:00,70.51715265866193,73.18478260869564,71.39673913043477,542.8562499999999
2025-09-04 15:00:00+02:00,70.41423670668935,73.90571475625826,72.04891304347821,544.9449603174603
2025-09-04 15:01:00+02:00,70.31132075471683,73.64772727272732,72.70108695652172,548.6423148148148
2025-09-04 15:02:00+02:00,70.20840480274433,73.37500000000004,72.71794871794872,551.3827222222222
2025-09-04 15:09:00+02:00,67.29182879377431,71.10646387832695,69.22183098591553,536.2604166666666
2025-09-04 15:10:00+02:00,66.85727651242905,70.65019011406837,68.54761904761908,530.017003968254
2025-09-04 15:11:00+02:00,66.4745222929936,70.19400592063127,67.59523809523812,528.159525462963
2025-09-04 15:12:00+02:00,66.09235668789803,69.75618374558304,66.84292328042325,521.9462731481482
2025-09-04 15:13:00+02:00,65.71019108280247,69.3321554770318,66.41071428571425,525.694212962963
2025-09-04 15:14:00+02:00,65.32802547770696,68.90812720848056,65.98214285714283,520.4643518518518
2025-09-04 15:15:00+02:00,64.81886058032556,68.48409893992932,65.55357142857142,516.2067923280423
2025-09-04 15:16:00+02:00,63.85833333333336,68.04503682418876,65.11541005291005,509.4841773504274
2025-09-04 15:17:00+02:00,62.886430855315744,67.43406593406597,64.37037037037035,504.50932692307697
2025-09-04 15:29:00+02:00,61.23837209302325,64.45659722222211,62.13683304647156,488.483373015873
2025-09-04 15:30:00+02:00,60.99998622285904,64.24826388888883,62.03101143311986,485.2753830891331
2025-09-04 15:31:00+02:00,60.722748815165886,64.03367003367002,61.81756756756757,485.9008234126984
2025-09-04 15:32:00+02:00,60.43838862559244,63.72443181818179,61.54729729729731,482.7311111111112
2025-09-04 15:33:00+02:00,60.15402843601899,63.38352272727269,61.27702702702705,480.02288194444446
2025-09-04 15:34:00+02:00,59.86966824644554,63.0426136363636,60.987346664007184,479.4271527777778
2025-09-04 15:35:00+02:00,59.585308056872094,62.701704545454525,60.56826568265684,474.4177083333333
2025-09-04 15:36:00+02:00,59.30094786729861,62.360795454545446,60.12546125461257,471.06902777777776
2025-09-04 15:37:00+02:00,59.01136995750173,62.02016645326504,59.6826568265683,469.5726507936508
2025-09-04 15:38:00+02:00,58.68169014084509,61.68169014084509,59.239852398524,463.4556944444444
2025-09-04 15:39:00+02:00,58.34366197183103,61.34366197183103,58.82539682539683,463.9524166666667
2025-09-04 15:40:00+02:00,58.00563380281693,61.00563380281693,58.44444444444445,463.6268194444445
2025-09-04 15:41:00+02:00,57.66760563380283,60.66760563380283,58.06349206349207,466.7484111721612
2025-09-04 15:42:00+02:00,57.32957746478874,60.32957746478874,57.68253968253969,462.41467460317466
2025-09-04 15:43:00+02:00,56.99797962532477,60.00176443275035,57.30158730158731,456.2336363636364
2025-09-04 15:44:00+02:00,56.701456310679646,59.729670329670334,56.95452332262149,452.6801816239317
2025-09-04 15:45:00+02:00,56.41019417475732,59.46593406593407,56.70347648261761,450.956748366013
2025-09-04 15:46:00+02:00,56.11893203883498,59.20219780219781,56.45807770961149,449.56350710155857
2025-09-04 15:47:00+02:00,55.827669902912646,58.938461538461546,56.21267893660538,446.454445611578
2025-09-04 15:48:00+02:00,55.5364077669903,58.67472527472528,55.96728016359926,446.85130411255415
2025-09-04 15:49:00+02:00,55.24514563106797,58.41098901098902,55.72188139059312,445.22204166666666
2025-09-04 15:50:00+02:00,54.8836569579288,58.14725274725276,55.47648261758695,445.8456392450142
2025-09-04 15:52:00+02:00,53.67179487179487,57.06486486486484,54.89240281498124,431.674963023088
2025-09-04 15:53:00+02:00,53.07784156142365,56.416216216216206,54.1056338028169,426.3334325396825
2025-09-04 15:54:00+02:00,52.674626865671634,55.85400745573159,53.26933457029603,425.1309722222222
2025-09-04 15:55:00+02:00,52.31641791044775,55.437931034482745,52.75149700598801,421.9634325396826
2025-09-04 15:56:00+02:00,51.95820895522386,55.02413793103446,52.39221556886226,417.6920138888889
2025-09-04 15:57:00+02:00,51.59999999999997,54.610344827586175,52.03293413173652,415.8584490740741
2025-09-04 15:58:00+02:00,51.2417910447761,54.19655172413792,51.67365269461077,413.03657051282056
2025-09-04 15:59:00+02:00,50.833904009364936,53.74180327868853,51.31437125748503,412.4561111111111
2025-09-04 16:02:00+02:00,49.3235294117647,52.26639344262296,50.27350427350432,404.5684722222222
2025-09-04 16:03:00+02:00,48.88323070274941,51.84011627906977,49.93162393162397,399.93888888888887
2025-09-04 16:04:00+02:00,48.550964187327786,51.49127906976744,49.58974358974361,398.2627777777778
2025-09-04 16:05:00+02:00,48.22038567493109,51.14244186046511,49.24786324786326,395.3652991452991
2025-09-04 16:06:00+02:00,47.8898071625344,50.79360465116277,48.97751252578838,393.47583333333336
2025-09-04 16:14:00+02:00,46.45368782161231,48.815517241379325,48.14396551724136,382.1600712250713
2025-09-04 16:15:00+02:00,46.35077186963977,48.60862068965519,48.037976689225474,379.8055555555556
2025-09-04 16:16:00+02:00,46.247855917667216,48.40172413793104,47.65887850467291,377.3065740740741
2025-09-04 16:17:00+02:00,46.14493996569468,48.194827586206905,47.10239252336449,372.2190376984127
2025-09-04 16:42:00+02:00,36.68876611418043,39.542735042735046,38.7862068965517,309.69108796296297
2025-09-04 16:43:00+02:00,36.467771639042304,39.85505698005698,38.51034482758616,308.1639087301588
2025-09-04 16:44:00+02:00,36.24677716390419,39.21153846153848,38.23448275862065,304.5311755952381
2025-09-04 16:45:00+02:00,36.02578268876607,38.4423076923077,37.95862068965514,302.5082638888889
2025-09-04 16:46:00+02:00,35.804788213627965,37.870512820512815,37.68275862068963,300.7962400793651
2025-09-04 16:47:00+02:00,35.58379373848985,37.56153846153845,37.40689655172413,299.12267022357724
2025-09-04 16:48:00+02:00,35.36279926335174,37.25384615384615,37.131034482758615,299.2090955284553
2025-09-04 16:56:00+02:00,32.07142857142856,33.8294888979906,33.80416666666669,261.3470701754386
2025-09-04 16:57:00+02:00,31.5,33.35059760956178,33.304166666666674,257.6816632553606
2025-09-04 16:58:00+02:00,30.96164463555768,32.8725099601594,32.86133366303989,253.05001253132832
2025-09-04 16:59:00+02:00,30.54849498327761,32.39442231075699,32.50445103857566,247.2304261363637
2025-09-04 18:27:00+02:00,4.512006861063454,4.0,4.655498281786943,26.62011174859167
2025-09-04 18:28:00+02:00,4.4090909090909,4.0,4.5524054982817885,25.086513437371327
2025-09-04 18:29:00+02:00,4.306174957118347,4.0,4.449312714776634,23.59924208056272
2025-09-04 18:30:00+02:00,4.203259005145793,4.0,4.34621993127148,22.15874552255769
2025-09-04 18:31:00+02:00,4.10034305317324,4.0,4.243127147766326,20.7654353295296
2025-09-04 18:32:00+02:00,3.970937650508242,4.0,4.140034364261171,19.419683256230023
2025-09-04 18:33:00+02:00,3.697044334975368,4.0,4.034450857734704,18.121817582440297
2025-09-04 18:34:00+02:00,3.401477832512313,3.999856815578465,3.7694610778443103,16.872119275111913
2025-09-04 18:35:00+02:00,3.1087848932676514,3.942439862542955,3.4101796407185616,15.67081802597919
2025-09-04 18:36:00+02:00,3.0,3.8393470790378017,3.0738522954091816,14.518087407712454
2025-09-04 18:37:00+02:00,3.0,3.736254295532648,3.0,13.414043727730418
2025-09-04 18:38:00+02:00,3.0,3.633161512027493,3.0,12.354757994774712
2025-09-04 18:39:00+02:00,3.0,3.530068728522339,3.0,11.331376110438326
2025-09-04 18:40:00+02:00,3.0,3.4269759450171846,3.0,10.362813455373416
2025-09-05 06:30:00+02:00,3.813893653516294,4.143965517241383,3.841065292096217,10.056523902954437
2025-09-05 06:31:00+02:00,3.9168096054888495,4.247413793103454,3.944158075601373,11.00962449092996
2025-09-05 06:32:00+02:00,4.055618279764447,4.350862068965525,4.14627659574468,12.017463136572408
2025-09-05 06:33:00+02:00,4.3016877637130815,4.454310344827596,4.465425531914892,13.07300912410211
2025-09-05 06:34:00+02:00,4.554852320675106,4.557758620689667,4.784574468085106,14.163402298197612
2025-09-05 06:35:00+02:00,4.808016877637131,4.661206896551735,4.995124113475177,15.302644865366284
2025-09-05 06:36:00+02:00,5.019863068227053,4.7646551724138,5.0,16.490636657000877
2025-09-05 06:37:00+02:00,5.1277873070325946,4.868103448275866,5.0,17.72721385302104
2025-09-05 06:38:00+02:00,5.2307032590051525,4.979100652376515,5.0,19.01215807040357
2025-09-05 06:39:00+02:00,5.333619210977712,5.293918918918919,5.0,20.345197397419767
2025-09-05 06:40:00+02:00,5.4365351629502685,5.6993243243243255,5.0,21.726011235084968
2025-09-05 06:41:00+02:00,5.539451114922823,6.017764011867786,5.0,23.15423423111489
2025-09-05 06:42:00+02:00,5.642367066895377,6.129502572898804,5.0,24.629460036531064
2025-09-05 06:43:00+02:00,5.74528301886793,6.232418524871362,5.0,26.15124492780003
2025-09-05 06:44:00+02:00,5.848198970840483,6.335334476843921,5.003030303030303,27.719111251391997
2025-09-05 06:45:00+02:00,5.951114922813037,6.438250428816478,5.272727272727271,29.33255069762529
2025-09-05 06:46:00+02:00,6.130705394190872,6.541166380789032,5.7090909090909046,30.991027418132354
2025-09-05 06:47:00+02:00,6.379668049792531,6.644082332761585,6.14545454545454,33.29138844523316
2025-09-05 06:48:00+02:00,6.628630705394188,6.746998284734139,6.5818181818181785,35.10713978979336
2025-09-05 06:49:00+02:00,6.877593360995849,6.8499142367066925,6.969605695509309,36.96652554157939
2025-09-05 06:50:00+02:00,7.052586206896553,6.952830188679246,7.107573149741825,38.868857973956615
2025-09-05 06:51:00+02:00,7.156034482758624,7.373563218390804,7.210843373493976,40.81344267524244
2025-09-05 06:52:00+02:00,7.259482758620695,7.960569972745586,7.314113597246127,42.79958005138161
2025-09-05 06:53:00+02:00,7.3629310344827665,8.11254295532646,7.417383820998278,44.82656673085368
2025-09-05 06:54:00+02:00,7.466379310344838,8.215635738831613,7.520654044750429,46.893696827132246
2025-09-05 06:55:00+02:00,7.569827586206909,8.318728522336768,7.623924268502581,49.00026308809068
2025-09-05 06:56:00+02:00,7.673275862068976,8.421821305841922,7.727194492254732,51.14555796143681
2025-09-05 06:57:00+02:00,7.7767241379310414,8.524914089347076,7.830464716006883,53.32887452480569
2025-09-05 06:58:00+02:00,7.880172413793107,8.62800687285223,7.933734939759034,55.54950736784828
2025-09-05 06:59:00+02:00,8.00471798984229,8.731099656357385,8.192709434228137,57.806754899297445
2025-09-05 07:00:00+02:00,8.391472868217056,8.834192439862539,8.714912280701752,60.099913974506165
2025-09-05 07:01:00+02:00,8.852541950748732,8.937285223367695,9.10166358595194,62.42828963751318
2025-09-05 07:02:00+02:00,9.16666666666667,9.2401680030546,9.323475046210715,64.7911896441357
2025-09-05 07:03:00+02:00,9.40763052208836,9.832743603701688,9.545286506469497,67.18792650191902
2025-09-05 07:04:00+02:00,9.64859437751005,10.177644710578834,9.767097966728272,69.61781793274825
2025-09-05 07:05:00+02:00,9.88955823293174,10.41716566866267,9.98890942698705,72.08018728605136
2025-09-05 07:06:00+02:00,10.130522088353429,10.6566866267465,10.210720887245827,74.57436392966956
2025-09-05 07:07:00+02:00,10.371485943775118,10.896207584830336,10.432532347504605,77.09968355135135
2025-09-05 07:08:00+02:00,10.6124497991968,11.13572854291417,10.654343807763388,79.1016388888889
2025-09-05 07:10:00+02:00,11.17390640995354,11.614770459081834,11.184941638167368,84.8559598382904
2025-09-05 07:11:00+02:00,11.6139705882353,11.854291417165667,11.602787456445988,87.49934444254431
2025-09-05 07:12:00+02:00,12.05514705882354,12.175868832347698,12.020905923344944,90.17065447794585
2025-09-05 07:13:00+02:00,12.496323529411772,12.620817843866176,12.4390243902439,92.86926858607924
2025-09-05 07:14:00+02:00,12.944481921208853,13.066914498141267,12.857707882098126,95.59457311506944
2025-09-05 07:15:00+02:00,13.472477064220188,13.51301115241636,13.305019305019302,98.34596220665011
2025-09-05 07:16:00+02:00,14.022935779816525,13.958034168534349,13.76833976833976,101.12283788763956
2025-09-05 07:17:00+02:00,14.573394495412847,14.393501805054155,14.231660231660223,103.9246100924152
2025-09-05 07:18:00+02:00,15.129357798165138,14.826714801444052,14.694980694980693,106.75069671987994
2025-09-05 07:19:00+02:00,15.699999999999998,15.259927797833944,15.147086192050224,109.60052364810896
2025-09-05 07:20:00+02:00,16.27142857142857,15.69314079422383,15.579136690647488,112.47352473651446
2025-09-05 07:21:00+02:00,16.844278234854148,16.14722472924188,16.01079136690648,115.3691437893202
2025-09-05 07:22:00+02:00,17.455497382198953,16.64583333333335,16.44244604316548,118.28682672390744
2025-09-05 07:23:00+02:00,18.083769633507853,17.145833333333346,16.876575803577328,121.226033213953
2025-09-05 07:24:00+02:00,18.712041884816752,17.64583333333334,17.389908256880737,124.1862288935578
2025-09-05 07:25:00+02:00,19.1566265060241,18.22250258799172,17.940366972477072,127.16688723903904
2025-09-05 07:26:00+02:00,19.445783132530128,18.96273291925465,18.490825688073404,130.1674895357375
2025-09-05 07:27:00+02:00,19.734939759036155,19.708729910481548,19.09613914373089,133.18752478250343
2025-09-05 07:28:00+02:00,20.02409638554218,20.525179856115116,19.948529411764717,136.226489645915
2025-09-05 07:29:00+02:00,20.31325301204821,21.3884892086331,20.82601222307105,139.28388838007396
2025-09-05 07:30:00+02:00,20.602409638554235,22.080181927756225,21.629870129870124,142.35923274168937
2025-09-05 07:31:00+02:00,20.893564643188142,22.405759162303667,22.409090909090903,145.4520419295908
2025-09-05 07:32:00+02:00,21.360576923076923,22.71989528795812,23.145900974025967,148.56184455335995
2025-09-05 07:33:00+02:00,21.937500000000004,23.034031413612567,23.776041666666654,151.68817021248333
2025-09-05 07:34:00+02:00,22.514423076923084,23.348167539267013,24.40104166666666,154.8305619092475
2025-09-05 07:35:00+02:00,23.13853158430973,23.662303664921467,25.028981854838708,157.9885676156564
2025-09-05 07:36:00+02:00,23.920529801324506,23.989428879741016,25.6720430107527,161.16174227829669
2025-09-05 07:37:00+02:00,24.71614749407244,24.42366412213741,26.31720430107528,164.3496476822573
2025-09-05 07:38:00+02:00,25.57037037037037,24.881679389313,26.947260624679984,167.5518523728536
2025-09-05 07:39:00+02:00,26.45925925925925,25.339694656488565,27.461224489795928,170.76793154668482
2025-09-05 07:40:00+02:00,27.26900808854832,25.797707504910075,27.951020408163277,173.9974669471565
2025-09-05 07:41:00+02:00,27.95977011494253,26.254752851711014,28.44081632653062,177.2400467545648
2025-09-05 07:42:00+02:00,28.649425287356323,26.71102661596956,28.90592892329345,180.49526550485436
2025-09-05 07:43:00+02:00,29.05068728522337,27.167300380228127,29.088793103448264,183.7627239475596
2025-09-05 07:44:00+02:00,29.153780068728526,27.623574144486685,29.19224137931033,187.04203116894405
2025-09-05 07:45:00+02:00,29.25687285223368,28.108604968806528,29.2956896551724,190.3327956759429
2025-09-05 07:46:00+02:00,29.35996563573883,28.68446601941749,29.39913793103447,193.63463848015004
2025-09-05 07:47:00+02:00,29.46305841924399,29.266990291262143,29.502586206896535,196.947184229918
2025-09-05 07:48:00+02:00,29.566151202749143,29.83978568263305,29.606034482758613,200.27006326514825
2025-09-05 07:49:00+02:00,29.669243986254298,30.184647302904565,29.709482758620684,203.60291153842053
2025-09-05 07:50:00+02:00,29.77233676975945,30.433609958506224,29.812931034482755,206.94537050802444
2025-09-05 07:51:00+02:00,29.87542955326461,30.68257261410788,29.916379310344823,210.2970870299486
2025-09-05 07:52:00+02:00,29.990674172544768,30.931535269709546,30.0563685037823,213.65771328294733
2025-09-05 07:53:00+02:00,30.31250000000001,31.1804979253112,30.30555555555556,217.0269066326637
2025-09-05 07:54:00+02:00,30.70723684210527,31.42946058091286,30.561965811965816,220.40432955879768
2025-09-05 07:55:00+02:00,31.11303557856736,31.678423236514515,30.818376068376068,223.78965182496376
2025-09-05 07:56:00+02:00,31.54512635379062,31.93439429207569,31.152221144868204,227.1825412916718
2025-09-05 07:57:00+02:00,31.97833935018052,32.41463414634145,31.65126050420168,230.5826774683665
2025-09-05 07:58:00+02:00,32.41155234657042,32.999999999999964,32.15546218487395,233.989742308444
2025-09-05 07:59:00+02:00,32.84567050900417,33.58536585365852,32.65966386554622,237.40342241035816
2025-09-05 08:00:00+02:00,33.337719298245624,34.15447154471544,33.177063132945484,240.82340892188373
2025-09-05 08:01:00+02:00,33.86403508771932,34.68888888888889,33.71945701357466,244.24939744539336
2025-09-05 08:02:00+02:00,34.39035087719301,35.22222222222222,34.26244343891402,247.6810879773081
2025-09-05 08:03:00+02:00,34.90717703349283,35.75555555555555,34.803785305159685,251.1181847835277
2025-09-05 08:04:00+02:00,35.30606060606061,36.155875299760176,35.23987538940809,254.56039634237567
2025-09-05 08:05:00+02:00,35.669696969696986,36.443645083932815,35.61370716510901,258.00743525503515
2025-09-05 08:06:00+02:00,36.03333333333336,36.73141486810545,35.987538940809934,261.4590204748837
2025-09-05 08:07:00+02:00,36.39696969696973,37.01918465227811,36.361370716510855,264.91486799274287
2025-09-05 08:08:00+02:00,36.76060606060609,37.30695443645079,36.73520249221182,268.3747046073824
2025-09-05 08:09:00+02:00,36.84413875598086,37.59472422062348,36.81148894643997,271.83825862054687
2025-09-05 08:10:00+02:00,36.3377192982456,37.88129496402877,36.1265060240964,275.30526206838977
2025-09-05 08:11:00+02:00,35.811403508771896,37.00934713833764,35.403614457831345,278.775450641289
2025-09-05 08:12:00+02:00,35.28508771929823,37.18013055895553,35.84487179487179,282.2485636387692
2025-09-05 08:13:00+02:00,37.06644144144144,38.02624555160142,37.48888888888888,285.7243438591339
2025-09-05 08:14:00+02:00,37.7252252252252,38.57295373665478,38.37027027027023,289.2025375571875
2025-09-05 08:15:00+02:00,38.265765765765735,38.99999999999996,38.69459459459454,292.6828943697228
2025-09-05 08:16:00+02:00,38.80591216216215,39.42704626334517,39.01891891891888,296.1651672432075
2025-09-05 08:17:00+02:00,39.32083333333332,39.85416961085344,39.343243243243215,299.64911473169104
2025-09-05 08:18:00+02:00,39.8208333333333,40.28519855595668,39.66756756756755,303.1344915478355
2025-09-05 08:19:00+02:00,40.32083333333332,40.71841155234658,40.00813978040541,306.6210625450567
2025-09-05 08:20:00+02:00,40.820037262872624,41.15162454873648,40.45703125,310.108593306049
2025-09-05 08:21:00+02:00,41.26829268292685,41.584837545126376,40.92578125,317.61968989496904
2025-09-05 08:22:00+02:00,41.68641114982581,41.992752434088175,41.39453125,321.1422589951481
2025-09-05 08:23:00+02:00,42.104529616724754,42.27056277056277,41.85928929705543,324.6651626705446
2025-09-05 08:24:00+02:00,42.5226480836237,42.530303030303024,42.19630484988455,328.1881750010269
2025-09-05 08:25:00+02:00,42.93680317896863,42.79004329004328,42.47344110854508,331.7110728316245
2025-09-05 08:26:00+02:00,43.305637982195854,43.049783549783534,42.75057736720561,335.2336357150345
2025-09-05 08:27:00+02:00,43.66172106824927,43.30952380952379,43.02771362586611,338.7556458972905
2025-09-05 08:28:00+02:00,44.01780415430269,43.56926406926405,43.3048498845266,342.2768882038576
2025-09-05 08:29:00+02:00,44.373887240356105,43.82900432900431,43.581986143187095,345.3788833333333
2025-09-05 08:30:00+02:00,44.72997032640952,44.14280135671888,43.85912240184758,347.9302651515152
2025-09-05 08:31:00+02:00,45.12563056379821,44.553264604811,44.22868217054262,352.8099363425926
2025-09-05 08:32:00+02:00,45.6208333333333,44.965635738831615,44.693798449612366,356.349967087101
2025-09-05 08:33:00+02:00,46.12083333333331,45.37800687285223,45.15891472868213,358.74057539682536
2025-09-05 08:34:00+02:00,46.62083333333332,45.79037800687285,45.62403100775192,360.9842546296297
2025-09-05 08:35:00+02:00,47.05618101545252,46.12215320910973,46.04393655885236,364.0899629629629
2025-09-05 08:36:00+02:00,47.32891832229577,46.37060041407869,46.32873563218394,366.8708657616893
2025-09-05 08:37:00+02:00,47.59381898454743,46.61904761904764,46.604597701149466,367.25930847953214
2025-09-05 08:38:00+02:00,47.85871964679908,46.8674948240166,46.880459770114975,369.6013333333333
2025-09-05 08:39:00+02:00,48.12362030905075,47.11594202898555,47.15632183908048,375.4172916666666
2025-09-05 08:40:00+02:00,48.38852097130242,47.364389233954505,47.43218390804599,378.58020691609977
2025-09-05 08:48:00+02:00,50.72911392405064,50.13028576887709,50.10836610947232,402.1827662037037
2025-09-05 08:49:00+02:00,51.051178036417184,50.57195571955717,50.478395061728406,402.6646527777778
2025-09-05 08:50:00+02:00,51.4463087248322,51.01476014760144,50.84876543209878,405.6295695970696
2025-09-05 08:51:00+02:00,51.8489932885906,51.457564575645726,51.21913580246914,405.82270833333337
2025-09-05 08:52:00+02:00,52.25167785234898,51.902436036808496,51.58950617283951,411.65069444444447
2025-09-05 08:53:00+02:00,52.65436241610737,52.38589211618258,51.96578834223942,415.8749934640523
2025-09-05 08:54:00+02:00,53.04812522605796,52.883817427385885,52.39925373134332,420.6947222222222
2025-09-05 08:56:00+02:00,53.76946107784432,53.872265941717934,53.29477611940301,426.0161805555556
2025-09-05 08:57:00+02:00,54.12874251497007,54.20919540229888,53.74253731343285,426.3016792929293
2025-09-05 08:58:00+02:00,54.48802395209581,54.48505747126441,54.13420037018076,427.8210037878789
2025-09-05 08:59:00+02:00,54.84729066939867,54.76091954022993,54.45118733509235,430.7195575396825
2025-09-05 09:00:00+02:00,55.20353982300886,55.03678160919543,54.76781002638523,432.8971527777778
2025-09-05 09:01:00+02:00,55.55752212389384,55.31264367816095,55.084432717678105,433.0514444444445
2025-09-05 09:02:00+02:00,55.91150442477882,55.58850574712645,55.40105540897098,433.9955370370371
2025-09-05 09:06:00+02:00,57.3687707641196,57.16666666666663,56.72910662824208,451.5037191358024
2025-09-05 09:07:00+02:00,57.76744186046511,57.63178294573641,57.074927953890494,450.39999629629625
2025-09-05 09:08:00+02:00,58.16611295681062,58.13062015503875,57.42074927953891,452.6614603174603
2025-09-05 09:09:00+02:00,58.56478405315613,58.72499999999999,57.766570605187326,452.89791501322753
2025-09-05 09:10:00+02:00,58.957705085612055,59.32499999999999,58.11376423768354,458.73852564102566
2025-09-05 09:11:00+02:00,59.29945054945053,59.844871794871786,58.46355685131192,462.3047394179894
2025-09-05 09:12:00+02:00,59.62912087912084,59.26923076923077,58.81341107871716,463.5598903903904
2025-09-05 09:14:00+02:00,60.28846153846149,59.19718309859155,59.51311953352768,462.5686253561253
2025-09-05 09:15:00+02:00,60.61813186813185,60.48837209302325,59.86278914128787,468.5459259259259
2025-09-05 09:16:00+02:00,60.94585537918871,61.41860465116279,60.19261213720316,475.0334330484331
2025-09-05 09:17:00+02:00,61.24938271604936,62.0749491695008,60.50923482849604,477.57633333333337
2025-09-05 09:27:00+02:00,64.31989247311832,64.5063829787234,63.47222222222221,501.4812847222222
2025-09-05 09:28:00+02:00,64.64247311827961,65.01702127659573,62.475,500.80444444444447
2025-09-05 09:29:00+02:00,64.96769393241168,65.52765957446806,63.81363636363636,501.1752546296296
2025-09-05 09:30:00+02:00,65.31845238095237,65.87677304964537,64.3969696969697,504.9876374007936
2025-09-05 09:31:00+02:00,65.67559523809523,65.36702127659572,64.76060606060608,508.90441468253965
2025-09-05 09:36:00+02:00,67.48742138364786,68.07672271582786,67.04371584699453,523.6097685185185
2025-09-05 09:37:00+02:00,67.86477987421388,68.47634069400628,67.69945355191257,525.2747601010101
2025-09-05 09:38:00+02:00,68.2421383647799,68.85488958990531,68.05593803786572,524.5478051900585
2025-09-05 09:39:00+02:00,68.61949685534593,69.23343848580434,68.15920826161782,522.1535039941903
2025-09-05 09:41:00+02:00,69.20804195804199,69.6783416836766,68.36574870912214,536.8286507936508
2025-09-05 09:42:00+02:00,69.41783216783223,67.7389728043116,68.4690189328743,534.630422979798
2025-09-05 09:43:00+02:00,69.62762237762247,68.45991561181434,68.57228915662647,533.4921275252525
2025-09-05 09:44:00+02:00,69.83741258741271,68.96624472573838,68.67555938037863,530.4343833333334
2025-09-05 09:45:00+02:00,70.04720279720296,69.47257383966242,68.77882960413079,533.6891007834757
2025-09-05 09:46:00+02:00,70.25699300699318,69.95281278957832,68.88209982788295,537.5602380952381
2025-09-05 09:47:00+02:00,70.46678321678336,70.24520255863543,69.03866806511762,538.840167989418
2025-09-05 09:48:00+02:00,70.67657342657351,70.5010660980811,69.77568536217304,542.9151612103175
2025-09-05 09:49:00+02:00,70.88636363636367,70.75692963752677,70.19114688128768,544.0198690476191
2025-09-05 09:50:00+02:00,71.04725085910651,71.01279317697244,70.43259557344054,543.4356011825818
2025-09-05 09:51:00+02:00,71.15034364261165,71.26865671641804,70.67404426559342,546.4732477069546
2025-09-05 09:52:00+02:00,71.25343642611678,71.52452025586362,70.91549295774637,546.6125858585859
2025-09-05 09:53:00+02:00,71.35652920962191,71.7803837953092,71.15694164989931,544.8037089947089
2025-09-05 09:54:00+02:00,71.45962199312704,71.5283686099121,71.39839034205225,547.7332261904762
2025-09-05 09:58:00+02:00,71.87199312714769,72.75952380952371,70.47850877192981,543.5998474945534
2025-09-05 09:59:00+02:00,71.9972905101771,73.04523809523802,71.87599944858009,550.2042003367004
2025-09-05 10:00:00+02:00,72.58333333333334,73.33095238095233,72.6827956989247,553.0070132275132
2025-09-05 10:01:00+02:00,73.30726256983242,73.61666666666663,73.3279569892473,557.174917929293
2025-09-05 10:02:00+02:00,73.97765363128497,73.9001026272578,73.90591397849462,563.9709154040403
2025-09-05 10:03:00+02:00,74.64804469273746,74.06810344827588,74.0,569.5867592592593
2025-09-05 10:04:00+02:00,74.87423043095866,74.17155172413797,74.0,567.2060615079365
2025-09-05 10:05:00+02:00,74.55936675461741,74.27500000000006,74.0,565.6777870370371
2025-09-05 10:06:00+02:00,74.24274406332454,74.37844827586216,74.0,566.7810617236025
2025-09-05 10:07:00+02:00,73.92612137203166,74.48189655172425,74.0,572.6706944444445
2025-09-05 10:08:00+02:00,73.60949868073878,74.58534482758634,74.0,569.8197863247864
2025-09-05 10:09:00+02:00,73.2928759894459,74.68879310344843,74.0,568.0507222222222
2025-09-05 10:10:00+02:00,73.26800547249097,74.79224137931047,74.0,562.6925036075036
2025-09-05 10:13:00+02:00,76.17266187050363,76.28083989501307,75.69269327164064,579.9843097781849
2025-09-05 10:14:00+02:00,76.74773428010839,76.59580052493432,74.81954887218045,580.9583392857143
2025-09-05 10:15:00+02:00,75.59154779646583,76.91076115485559,74.15077482438492,581.1588253968254
2025-09-05 10:16:00+02:00,76.41972034715525,77.22572178477687,74.39718309859161,578.811617063492
2025-09-05 10:17:00+02:00,76.22549019607845,77.54068241469814,74.73521126760575,582.1421527777778
2025-09-05 10:18:00+02:00,75.97877201728149,77.85564304461941,75.0732394366198,585.7408055555555
2025-09-05 10:19:00+02:00,75.69774011299435,78.0,75.41126760563385,586.8688425925926
2025-09-05 10:20:00+02:00,77.12131837307153,78.0,75.7492957746479,588.5247118055555
2025-09-05 10:21:00+02:00,78.6548512128032,78.0,75.99014084507043,591.2090277777778
2025-09-05 10:22:00+02:00,77.64263277715338,78.0,76.0,594.4013888888888
2025-09-05 10:23:00+02:00,77.2788104089219,78.0,76.0,586.4587447089947
2025-09-05 10:24:00+02:00,77.72490706319695,78.0,76.0,588.8888666666667
2025-09-05 10:25:00+02:00,78.17100371747206,78.0,76.0,592.0182905982906
2025-09-05 10:26:00+02:00,78.61710037174718,78.0,76.0,591.0844795482295
2025-09-05 10:27:00+02:00,78.64401400030435,78.0,76.0,589.8848194444445
2025-09-05 10:28:00+02:00,77.35028847285999,78.0136660724896,76.0,588.8547924836602
2025-09-05 10:29:00+02:00,77.95973154362414,78.18360071301247,76.0,588.6762731481482
2025-09-05 10:30:00+02:00,78.74480597324875,78.39750445632795,76.0015015015015,591.8979675925926
2025-09-05 10:33:00+02:00,77.6708860759494,79.0392156862744,77.28571428571428,589.4916666666667
2025-09-05 10:34:00+02:00,77.18056677738878,79.25311942958989,76.25975975975976,591.3477187627187
2025-09-05 10:35:00+02:00,77.21513002364061,79.46702317290537,76.3453453453454,593.8832457264957
2025-09-05 10:36:00+02:00,77.49881796690296,79.68092691622094,76.7057057057058,596.1458333333334
2025-09-05 10:38:00+02:00,78.06619385342782,80.48412698412697,77.42642642642649,593.9639097222222
2025-09-05 10:39:00+02:00,78.34988179669025,81.43650793650791,77.7867867867868,595.9688194444444
2025-09-05 10:40:00+02:00,78.63356973995269,81.74855699855699,78.1680190464437,601.1337083333334
2025-09-05 10:41:00+02:00,78.91764474694963,81.0363636363636,78.57876712328765,602.8487530525031
2025-09-05 10:42:00+02:00,79.21410579345087,80.3193270735524,78.98972602739723,605.8147023809523
2025-09-05 10:43:00+02:00,79.51637279596974,80.556338028169,79.4006849315068,606.3945138888889
2025-09-05 10:44:00+02:00,79.81863979848862,81.40140845070417,79.81164383561641,608.6595584795322
2025-09-05 10:46:00+02:00,80.42317380352637,82.47487253268716,80.15866209262441,613.7170436507937
2025-09-05 10:47:00+02:00,80.72544080604528,81.46554586965546,80.261578044597,614.2481018518519
2025-09-05 10:48:00+02:00,80.86488200510924,80.4292237442922,80.36449399656959,614.2844017094018
2025-09-05 10:49:00+02:00,80.14184397163122,79.88127853881272,80.46740994854218,611.8550892857143
2025-09-05 10:50:00+02:00,79.3148936170213,79.3333333333333,80.57032590051477,608.5443113425926
2025-09-05 10:51:00+02:00,79.37872340425531,79.4209362968932,80.6732418524873,604.9460683760684
2025-09-05 10:52:00+02:00,79.88936170212764,80.30147058823532,80.7761578044598,606.1245833333334
2025-09-05 10:58:00+02:00,81.91799999999984,81.82108626198074,82.37951807228909,624.1929684343435
2025-09-05 10:59:00+02:00,82.15799999999986,82.20447284345039,82.48278829604125,626.3178174603175
2025-09-05 11:00:00+02:00,82.3979999999999,82.58785942492008,82.58605851979341,625.8780395299145
2025-09-05 11:01:00+02:00,82.63799999999993,82.96177006194573,82.68932874354557,628.0450628306878
2025-09-05 11:02:00+02:00,82.87799999999997,83.25754060324823,82.79259896729774,629.8270138888889
2025-09-05 11:03:00+02:00,83.15167095115679,83.5359628770301,82.8958691910499,630.7918447293447
2025-09-05 11:05:00+02:00,83.76863753213358,84.09280742459384,83.78728070175443,634.050712962963
2025-09-05 11:06:00+02:00,84.07712082262204,84.37122969837576,83.52412280701759,636.9342991452992
2025-09-05 11:07:00+02:00,84.38560411311049,84.64965197215771,83.26096491228074,635.7892857142857
2025-09-05 11:08:00+02:00,84.69408740359894,84.91337464891926,82.99780701754389,638.189837962963
2025-09-05 11:09:00+02:00,84.88643385592043,84.65350877192982,82.73464912280704,644.4140138888889
2025-09-05 11:10:00+02:00,84.21830985915496,84.12719298245612,82.47149122807019,642.984787037037
2025-09-05 11:11:00+02:00,83.3781031824403,83.60087719298242,82.20833333333334,636.9692044159544
2025-09-05 11:12:00+02:00,83.2841328413284,83.16222922329295,82.18219778899304,630.8670555555556
2025-09-05 11:22:00+02:00,86.0141093474425,86.46982758620679,85.42525773195888,650.0717314814815
2025-09-05 11:23:00+02:00,85.80246913580233,86.3663793103447,85.32216494845376,652.40330634278
2025-09-05 11:24:00+02:00,85.59082892416215,86.2629310344826,85.21907216494859,655.7793162393162
2025-09-05 11:25:00+02:00,85.37918871252198,86.1594827586206,85.11597938144337,654.4432270069112
2025-09-05 11:26:00+02:00,85.16754850088181,86.05603448275859,85.0106614346305,650.2845133053221
2025-09-05 11:27:00+02:00,85.29077322936972,85.93483412322276,84.88175675675673,654.5589285714285
2025-09-05 11:28:00+02:00,86.16541353383458,85.79265402843608,84.7466216216216,655.4756944444445
2025-09-05 11:29:00+02:00,86.85293550618627,85.6504739336494,84.61148648648647,657.5611825396826
2025-09-05 11:30:00+02:00,86.46153846153845,85.5082938388627,84.47635135135134,660.5573437500001
2025-09-05 11:31:00+02:00,85.9185520361991,85.36611374407592,84.34121621621621,660.488179563492
2025-09-05 11:32:00+02:00,85.37556561085972,85.22393364928915,84.20608108108108,659.3715277777778
2025-09-05 11:33:00+02:00,84.37808349146111,85.08175355450238,84.07094594594595,653.2759722222222
2025-09-05 11:36:00+02:00,85.67710622710622,87.4179620034542,86.24084711343197,656.6505972222222
2025-09-05 11:37:00+02:00,86.73973034997131,87.38601036269425,86.38903394255873,658.7357589285714
2025-09-05 11:38:00+02:00,86.04216867469881,87.69689119170975,86.70234986945168,658.3346527777777
2025-09-05 11:39:00+02:00,85.35515394912987,88.00777202072526,87.01566579634463,657.5242063492063
2025-09-05 11:40:00+02:00,86.46993464052288,88.31865284974083,87.32898172323759,658.729523046398
2025-09-05 11:41:00+02:00,85.59676470588236,88.62953367875643,87.64229765013054,656.7783333333333
2025-09-05 11:42:00+02:00,87.49454545454546,89.50906735751295,87.902507935289,661.4183333333333
2025-09-05 11:43:00+02:00,88.59831422331423,91.63895502645504,87.31617647058819,666.3224116161616
2025-09-05 11:44:00+02:00,87.53153153153154,91.88666666666668,86.44327731092436,665.603888888889
2025-09-05 11:54:00+02:00,88.83904109589038,89.53017769607844,89.81125827814567,669.5542460317461
2025-09-05 11:55:00+02:00,89.24999999999996,90.71155253146036,90.20860927152314,676.2322222222223
2025-09-05 11:56:00+02:00,89.66095890410953,90.60820895522392,90.60596026490062,677.4665350877193
2025-09-05 11:57:00+02:00,89.84282663131536,90.1604477611941,90.87569567515466,680.2561111111112
2025-09-05 11:58:00+02:00,89.15483870967745,89.71268656716423,90.21830985915496,678.1472382478632
2025-09-05 11:59:00+02:00,88.38064516129036,89.26492537313435,89.37716796647658,679.3670833333333
2025-09-05 12:01:00+02:00,88.50529100529099,90.09815950920245,89.54269972451782,669.9589871031745
2025-09-05 12:02:00+02:00,88.82275132275129,90.81564174689008,89.87327823691449,672.2388518518518
2025-09-05 12:03:00+02:00,89.14021164021159,91.18379446640311,90.2038567493112,670.227962962963
2025-09-05 12:04:00+02:00,89.45767195767189,91.4209486166007,90.53443526170794,671.8024537037037
2025-09-05 12:05:00+02:00,89.77513227513224,91.65810276679828,90.86363636363632,676.5972916666667
2025-09-05 12:06:00+02:00,89.48491166711506,91.89525691699592,90.65340909090908,682.1704166666667
2025-09-05 12:07:00+02:00,88.2551702690095,92.1324110671936,89.97159090909088,678.4351851851852
2025-09-05 12:08:00+02:00,88.72018348623853,92.36956521739124,89.30689804673237,678.2356031746032
2025-09-05 12:09:00+02:00,89.27064220183486,92.60671936758888,89.95180722891564,677.064032967033
2025-09-05 12:10:00+02:00,89.80731478741245,92.84387351778656,90.74831657456896,681.8828670634921
2025-09-05 12:11:00+02:00,89.23655913978494,92.4821101999882,89.92481203007519,684.643167989418
2025-09-05 12:15:00+02:00,88.40476190476193,90.77080480671276,90.5291666666667,675.5448611111111
2025-09-05 12:16:00+02:00,88.97619047619054,90.85835095137418,90.90972222222224,679.5199074074075
2025-09-05 12:17:00+02:00,89.54761904761908,90.60465116279062,90.63888888888891,681.3023148148148
2025-09-05 12:18:00+02:00,89.85952380952382,90.35095137420706,90.2685185185186,679.1645497311828
2025-09-05 12:19:00+02:00,89.32500000000005,90.09725158562354,89.89814814814825,681.6399710648149
2025-09-05 12:20:00+02:00,88.72500000000007,89.84355179704005,89.52777777777783,679.9041666666666
2025-09-05 12:21:00+02:00,88.19166666666668,89.58985200845659,89.20689300411526,676.9524074074073
2025-09-05 12:22:00+02:00,88.52499999999998,89.3361522198731,90.475,676.0559201388888
2025-09-05 12:23:00+02:00,89.12499999999994,89.35229034531359,89.75735294117648,675.5185185185186
2025-09-05 12:37:00+02:00,89.40463917525784,93.43805309734518,92.52582159624414,691.354898989899
2025-09-05 12:38:00+02:00,89.30154639175271,92.90707964601776,91.962441314554,684.7869003267974
2025-09-05 12:39:00+02:00,89.19845360824756,92.3761061946903,91.39906103286386,684.0728023478023
2025-09-05 12:40:00+02:00,89.09536082474233,92.25880969465038,90.94343107827292,683.2543837181338
2025-09-05 12:41:00+02:00,88.95792529482638,92.89189189189186,90.71766848816031,680.1826458333334
2025-09-05 12:42:00+02:00,88.66580310880835,93.54054054054052,90.49908925318762,680.6994463645673
2025-09-05 12:43:00+02:00,88.35492227979279,93.38648648648648,90.28051001821495,685.0283333333333
2025-09-05 12:44:00+02:00,88.19455764491278,92.47499999999998,90.06193078324226,682.4916547619048
2025-09-05 12:45:00+02:00,89.26966292134831,93.45833333333331,89.8433515482696,684.568365834458
2025-09-05 12:46:00+02:00,89.12024400330851,94.5344540555384,89.6247723132969,686.1310599415204
2025-09-05 15:00:00+02:00,66.71794871794874,69.42460317460312,66.32289156626514,526.3329444444445
2025-09-05 15:01:00+02:00,66.43243243243245,68.94841269841265,66.03373493975916,523.7507361111111
2025-09-05 15:02:00+02:00,65.30331387725755,68.4722222222222,65.74457831325313,524.1163446969697
2025-09-05 15:03:00+02:00,62.14788732394367,67.7757215007215,65.45542168674706,519.7640740740741
2025-09-05 18:23:00+02:00,3.205679862306368,3.5073170731707326,3.469483568075117,30.091957942720228
2025-09-05 18:24:00+02:00,3.3089500860585197,3.965853658536586,3.945226917057903,28.44951971953794
2025-09-05 18:25:00+02:00,3.4122203098106705,4.0,4.0,26.85277371211879
2025-09-05 18:26:00+02:00,3.5154905335628217,4.0,4.0,25.30225904535794
2025-09-05 18:27:00+02:00,3.618760757314973,4.0,4.0,23.79848222870053
2025-09-05 18:28:00+02:00,3.722030981067124,4.0,4.0,22.34191816450928
2025-09-05 18:29:00+02:00,3.8253012048192754,4.0,4.0,20.933005590427477
2025-09-05 18:30:00+02:00,3.928571428571427,4.0,4.0,19.572143428000643
2025-09-05 18:31:00+02:00,3.998135398737809,4.0,4.0,18.259686944330348
2025-09-05 18:32:00+02:00,4.0,4.0,4.0,16.995943770732573
2025-09-05 18:33:00+02:00,4.0,4.0,4.0,15.78116973750821
2025-09-05 18:34:00+02:00,4.0,4.0,4.0,14.615564574420516
2025-09-05 18:35:00+02:00,4.0,4.0,4.0,13.499267479238972
2025-09-05 18:36:00+02:00,4.0,4.0,4.0,12.422103078835883
2025-09-05 18:37:00+02:00,4.0,4.0,4.0,11.386286811707746
2025-09-05 18:38:00+02:00,4.0,4.0,4.0,10.40611639326366
2025-09-06 06:31:00+02:00,1.0001436781609196,1.2030716723549493,1.1245210727969346,9.784222023720975
2025-09-06 06:32:00+02:00,1.057758620689655,1.407849829351537,1.354406130268198,10.730143580639403
2025-09-06 06:33:00+02:00,1.1612068965517233,1.612627986348124,1.5842911877394623,11.731364928604416
2025-09-06 06:34:00+02:00,1.264655172413792,1.8174061433447104,1.8141762452107275,12.78867125098305
2025-09-06 06:40:00+02:00,1.885344827586206,2.0,2.0,17.71638321995464
2025-09-06 06:41:00+02:00,1.9930160250562547,2.0,2.0,17.929988662131496
2025-09-06 06:42:00+02:00,2.1415343915343903,2.0,2.0,18.14359410430836
2025-09-06 06:43:00+02:00,2.300264550264549,2.0,2.0,18.35719954648524
2025-09-06 06:44:00+02:00,2.4589947089947084,2.0,2.0,18.57080498866211
2025-09-06 18:15:00+02:00,4.416666666666665,4.945969125214407,4.949225473321859,34.51251773049645
2025-09-06 18:16:00+02:00,4.51975945017182,4.843053173241848,4.845955249569708,34.7777659574468
2025-09-06 18:17:00+02:00,4.622852233676974,4.74013722126929,4.742685025817557,35.043014184397144
2025-09-06 18:18:00+02:00,4.725945017182128,4.637221269296731,4.639414802065406,35.30826241134749
2025-09-06 18:20:00+02:00,4.932130584192437,4.43138936535162,4.432874354561103,32.03747394151825
2025-09-06 18:21:00+02:00,4.939432989690721,4.328473413379067,4.329604130808952,30.332567230226864
2025-09-06 18:22:00+02:00,4.740549828178695,4.225557461406513,4.226333907056801,28.67313222654127
2025-09-06 18:23:00+02:00,4.5343642611683865,4.12264150943396,4.1230636833046495,27.05975852736106
2025-09-06 18:24:00+02:00,4.328178694158078,4.010418810748999,4.010916063700016,25.493009830846184
2025-09-06 18:25:00+02:00,4.121993127147769,3.7575000000000007,3.764563106796116,23.973419719127605
2025-09-06 18:26:00+02:00,3.915807560137461,3.457500000000002,3.4733009708737863,22.501492320790064
2025-09-06 18:27:00+02:00,3.709621993127152,3.1575000000000006,3.1820388349514563,21.077692587456312
2025-09-06 18:28:00+02:00,3.503436426116844,3.0,3.0020226537216828,19.70244661100439
2025-09-06 18:29:00+02:00,3.297250859106532,3.0,3.0,18.376136602966582
2025-09-06 18:30:00+02:00,3.091351660939291,3.0,3.0,17.099096707888904
2025-09-06 18:31:00+02:00,3.0,3.0,3.0,15.871608660178158
2025-09-06 18:32:00+02:00,3.0,3.0,3.0,14.693897245832972
2025-09-06 18:33:00+02:00,3.0,3.0,3.0,13.566125620429789
2025-09-06 18:34:00+02:00,3.0,3.0,3.0,12.4704064012309
2025-09-06 18:35:00+02:00,3.0,3.0,3.0,11.423114237563002
2025-09-06 18:36:00+02:00,3.0,3.0,3.0,10.432294283197832
2025-09-07 06:18:00+02:00,0.0,0.0,0.0,1.735180102915953
2025-09-07 06:19:00+02:00,0.0,0.0,0.0,1.819571183533448
2025-09-07 06:20:00+02:00,0.0,0.0,0.0,1.903962264150944
2025-09-07 06:21:00+02:00,0.0,0.0,0.0,1.9898309748427672
2025-09-07 06:22:00+02:00,0.0,0.0,0.0,2.205731132075472
2025-09-07 06:23:00+02:00,0.0,0.0,0.0,2.502900943396227
2025-09-07 06:24:00+02:00,0.0107388316151202,0.0,0.0,2.8000707547169816
2025-09-07 18:08:00+02:00,7.513745704467355,7.634879725085912,7.626724137931027,47.01863849385908
2025-09-07 18:09:00+02:00,7.307560137457046,7.531786941580758,7.523275862068956,46.45774725274728
2025-09-07 18:10:00+02:00,7.10137457044674,7.428694158075603,7.419827586206885,45.963241758241765
2025-09-07 18:11:00+02:00,6.895189003436429,7.325601374570449,7.316379310344818,45.31101488627652
2025-09-07 18:13:00+02:00,6.482817869415814,7.119415807560141,7.109482758620686,42.736005757923394
2025-09-07 18:14:00+02:00,6.276632302405504,6.942791315213998,6.952686156921538,40.72401887150524
2025-09-07 18:15:00+02:00,6.0685330370187485,6.085057471264368,6.385869565217392,38.75458495610299
2025-09-07 18:16:00+02:00,5.763473053892217,5.885344827586205,5.960044977511244,36.82845620127246
2025-09-07 18:17:00+02:00,5.404191616766469,5.781896551724134,5.854310344827584,34.94638153070028
2025-09-07 18:18:00+02:00,5.069860279441119,5.678448275862063,5.750862068965513,32.267801971739296
2025-09-07 18:19:00+02:00,5.0,5.574999999999991,5.647413793103442,30.54621372557744
2025-09-07 18:20:00+02:00,5.0,5.47155172413792,5.543965517241369,28.870449684063185
2025-09-07 18:21:00+02:00,5.0,5.368103448275851,5.4405172413793,27.24112601150916
2025-09-07 18:22:00+02:00,5.0,5.264655172413785,5.337068965517232,25.658833320773947
2025-09-07 18:23:00+02:00,5.0,5.161206896551719,5.233620689655166,24.124133375581025
2025-09-07 18:24:00+02:00,5.0,5.057758620689653,5.130172413793099,22.637555565359744
2025-09-07 18:25:00+02:00,5.0,4.8925188468518765,5.021893845678057,21.199592246025915
2025-09-07 18:26:00+02:00,5.0,4.649797570850199,4.800448430493272,19.81069860860134
2025-09-07 18:27:00+02:00,5.0,4.406882591093114,4.531390134529144,18.471282736941287
2025-09-07 18:28:00+02:00,4.9164345403899725,4.163967611336031,4.262331838565021,17.18170513049946
2025-09-07 18:29:00+02:00,4.596100278551534,3.968631017803563,4.016044920364929,15.942273139759632
2025-09-07 18:30:00+02:00,4.261838440111422,3.863402061855671,3.893965517241378,14.753236211443545
2025-09-07 18:31:00+02:00,3.92757660167131,3.760309278350516,3.790517241379307,13.614780927199236
2025-09-07 18:32:00+02:00,3.593314763231198,3.6572164948453625,3.687068965517238,12.49983763310948
2025-09-07 18:33:00+02:00,3.2590529247910864,3.5541237113402078,3.5836206896551697,11.442043861726956
2025-09-07 18:34:00+02:00,2.9854263852065643,3.451030927835054,3.480172413793101,10.441550372142537
