index,y_true,y_pred
0,0.22,1.0798517792525644
1,0.22,1.0798517792525644
2,0.22,1.0798517792525644
3,0.22,1.0798517792525644
4,0.22,1.0798517792525644
5,0.22,1.0798517792525644
6,0.22,1.0798517792525644
7,0.2058732876712329,1.0798517792525644
8,0.1904623287671233,1.0798517792525644
9,0.1750513698630137,1.0798517792525644
10,0.1596404109589041,1.0798517792525644
11,0.1442294520547945,1.0798517792525644
12,0.1288184931506849,1.0798517792525644
13,0.1134075342465753,1.0798517792525644
14,0.0979965753424657,1.0798517792525644
15,0.0825856164383561,1.0798517792525644
16,0.074354561101549,1.0798517792525644
17,0.0981067125645439,1.0798517792525644
18,0.1218588640275387,1.0798517792525644
19,0.1456110154905336,1.0798517792525644
20,0.1693631669535284,1.0798517792525644
21,0.1931153184165232,1.0798517792525644
22,0.2168674698795181,1.0798517792525644
23,0.2406196213425129,1.0798517792525644
24,0.2643717728055077,1.0798517792525644
25,0.2881239242685026,1.0798517792525644
26,0.280895008605852,1.0798517792525644
27,0.2426850258175559,1.0798517792525644
28,0.2044750430292599,1.0798517792525644
29,0.1662650602409639,1.0798517792525644
30,0.1280550774526678,1.0798517792525644
31,0.0898450946643717,1.0798517792525644
32,0.0516351118760757,1.0798517792525644
33,0.0134251290877796,1.0798517792525644
34,-0.0247848537005163,1.0798517792525644
35,-0.0629948364888124,1.0798517792525644
36,-0.0640963855421686,1.0798517792525644
37,-0.056867469879518,1.0798517792525644
38,-0.0496385542168674,1.0798517792525644
39,-0.0424096385542168,1.0798517792525644
40,-0.0351807228915662,1.0798517792525644
41,-0.0279518072289156,1.0798517792525644
42,-0.020722891566265,1.0798517792525644
43,-0.0134939759036144,1.0798517792525644
44,-0.0062650602409638,1.0798517792525644
45,0.0020477815699658,1.0798517792525644
46,0.0174061433447098,1.0798517792525644
47,0.0327645051194539,1.0798517792525644
48,0.0481228668941979,1.0798517792525644
49,0.0634812286689419,1.0798517792525644
50,0.078839590443686,1.0798517792525644
51,0.09419795221843,1.0798517792525644
52,0.1095563139931741,1.0798517792525644
53,0.1249146757679181,1.0798517792525644
54,0.1402730375426621,1.0798517792525644
55,0.1583161512027491,1.0798517792525644
56,0.1809965635738832,1.0798517792525644
57,0.2036769759450172,1.0798517792525644
58,0.2263573883161512,1.0798517792525644
59,0.2490378006872852,1.0798517792525644
60,0.2717182130584193,1.0798517792525644
61,0.2943986254295533,1.0798517792525644
62,0.3170790378006872,1.0798517792525644
63,0.3397594501718213,1.0798517792525644
64,0.3624398625429553,1.0798517792525644
65,0.3548797250859106,1.0798517792525644
66,0.3321993127147767,1.0798517792525644
67,0.3095189003436426,1.0798517792525644
68,0.2868384879725086,1.0798517792525644
69,0.2641580756013746,1.0798517792525644
70,0.2414776632302406,1.0798517792525644
71,0.2187972508591066,1.0798517792525644
72,0.1961168384879725,1.0798517792525644
73,0.1734364261168385,1.0798517792525644
74,0.1507560137457045,1.0798517792525644
75,0.1569879518072289,1.0798517792525644
76,0.1642168674698795,1.0798517792525644
77,0.1714457831325301,1.0798517792525644
78,0.1786746987951807,1.0798517792525644
79,0.1859036144578313,1.0798517792525644
80,0.1931325301204819,1.0798517792525644
81,0.2003614457831325,1.0798517792525644
82,0.2075903614457831,1.0798517792525644
83,0.2148192771084337,1.0798517792525644
84,0.2156185567010309,1.0798517792525644
85,0.2001546391752577,1.0798517792525644
86,0.1846907216494845,1.0798517792525644
87,0.1692268041237113,1.0798517792525644
88,0.1537628865979381,1.0798517792525644
89,0.1382989690721649,1.0798517792525644
90,0.1228350515463917,1.0798517792525644
91,0.1073711340206186,1.0798517792525644
92,0.0919072164948453,1.0798517792525644
93,0.0764432989690721,1.0798517792525644
94,0.1692438563327032,1.0798517792525644
95,0.3393761814744801,1.0798517792525644
96,0.509508506616257,1.0798517792525644
97,0.679640831758034,1.0798517792525644
98,0.849773156899811,1.0798517792525644
99,1.019905482041588,1.0798517792525644
100,1.190037807183365,1.0798517792525644
101,1.360170132325142,1.0798517792525644
102,1.530302457466919,1.0798517792525644
103,1.588209982788296,1.0798517792525644
104,1.611962134251291,1.0798517792525644
105,1.635714285714286,1.0798517792525644
106,1.65946643717728,1.0798517792525644
107,1.683218588640275,1.0798517792525644
108,1.70697074010327,1.0798517792525644
109,1.730722891566265,1.0798517792525644
110,1.75447504302926,1.0798517792525644
111,1.778227194492255,1.0798517792525644
112,1.845169082125604,1.0798517792525644
113,2.38719806763285,1.0798517792525644
114,2.929227053140097,1.0798517792525644
115,3.471256038647343,1.0798517792525644
116,2.819253731343283,1.0798517792525644
117,2.853823529411764,1.0798517792525644
118,3.772222222222222,1.0798517792525644
119,4.038888888888889,1.0798517792525644
120,4.305555555555555,1.0798517792525644
121,4.572222222222222,1.0798517792525644
122,4.838888888888889,1.0798517792525644
123,5.105555555555555,1.0798517792525644
124,5.370344827586207,1.0798517792525644
125,5.62896551724138,1.108951431170272
126,5.887586206896552,1.5454462099358912
127,6.146206896551725,1.9819409887015103
128,6.404827586206896,2.4184357674671295
129,6.663448275862069,2.8549305462327483
130,6.923704735376044,3.291425324998367
131,7.186100278551532,3.727920103763986
132,7.448495821727019,4.164414882529606
133,7.710891364902507,4.6009096612952245
134,7.973286908077995,5.037404440060843
135,8.235682451253483,5.473611722265421
136,8.564931506849316,5.9093565100022305
137,8.975890410958906,6.345101297739044
138,9.386849315068494,6.780846085475858
139,9.797808219178084,7.216590873212667
140,10.78,7.652335660949481
141,11.585,8.088080448686295
142,12.02428571428571,8.523825236423104
143,12.46357142857143,8.959570024159916
144,12.90285714285714,9.395314811896727
145,13.35333333333333,9.83208635459315
146,13.80787878787879,10.269333710563536
147,14.26242424242424,10.706581066533925
148,14.41945812807882,11.143828422504313
149,14.18743842364532,11.5810757784747
150,13.95541871921182,12.018323134445088
151,13.72339901477832,12.455570490415475
152,13.49137931034483,12.892817846385862
153,13.25935960591133,13.330065202356247
154,13.02733990147783,13.742947427884515
155,12.43524590163934,12.71828695732765
156,11.66311475409836,11.69362648677078
157,10.91897058823529,10.668966016213913
158,10.19102941176471,9.64430554565705
159,9.576835443037975,8.61964507510018
160,9.159113924050631,7.594984604543314
161,8.74139240506329,6.5703241339864435
162,8.323670886075949,5.545663663429575
163,8.175685840707965,5.641222217353283
164,8.40533185840708,6.0777169961189
165,8.634977876106197,6.514211774884522
166,8.86462389380531,6.9507065536501385
167,9.094269911504426,7.3872013324157555
168,9.32391592920354,7.823696111181377
169,9.553561946902656,8.260190889946994
170,9.78320796460177,8.696685668712615
171,10.31126506024096,9.133180447478232
172,10.87873493975904,9.533300661346718
173,11.32230769230769,9.533300661346718
174,10.8278021978022,9.533300661346718
175,10.3332967032967,9.533300661346718
176,9.638064516129033,9.533300661346718
177,9.757435897435895,9.533300661346718
178,10.57360544217687,9.533300661346718
179,11.24299319727891,9.533300661346718
180,12.67666666666667,9.533300661346718
181,11.10666666666667,9.533300661346718
182,9.96072625698324,9.533300661346718
183,9.434469273743016,9.533300661346718
184,8.908212290502792,9.533300661346718
185,9.728,9.533300661346718
186,10.03886075949367,9.533300661346718
187,9.659113924050631,9.533300661346718
188,9.279367088607597,9.533300661346718
189,8.899620253164557,9.533300661346718
190,9.836849315068491,9.533300661346718
191,9.25,9.533300661346718
192,9.279112426035503,9.533300661346718
193,9.86491124260355,9.533300661346718
194,10.4507100591716,9.533300661346718
195,10.3425,9.533300661346718
196,9.5175,9.533300661346718
197,9.086716417910448,9.533300661346718
198,10.58732283464567,9.533300661346718
199,11.33377952755906,9.533300661346718
200,12.08023622047244,9.533300661346718
201,13.03018691588785,9.533300661346718
202,13.56163265306122,10.439585384380845
203,12.68952380952381,11.377121304760971
204,13.91809523809524,12.314657225141099
205,12.46,13.252193145521225
206,13.42692307692308,14.189729065901355
207,14.19091428571429,15.127264986281483
208,14.7292,16.06480090666161
209,15.26748571428571,17.002336827041738
210,17.9825,17.939872747421866
211,17.59203125,19.182398640908286
212,18.16139534883721,20.440976638242404
213,17.96,21.699554635576522
214,19.58322580645161,22.958132632910633
215,22.35333333333334,24.216710630244755
216,24.12644444444445,25.47528862757887
217,27.788,26.161075113390407
218,27.13493506493506,24.96483234705633
219,30.2075,23.768589580722253
220,30.28666666666667,22.572346814388176
221,25.942,21.376104048054096
222,27.67734693877551,20.17986128172002
223,25.90183333333334,18.98361851538594
224,19.52333333333333,17.986749543440872
225,21.62416666666667,17.986749543440872
226,22.089375,17.986749543440872
227,22.60058823529412,17.986749543440872
228,21.32691629955947,17.986749543440872
229,20.87229074889868,17.986749543440872
230,20.41766519823788,17.986749543440872
231,19.96303964757709,17.986749543440872
232,20.0304347826087,17.986749543440872
233,18.95684210526316,17.986749543440872
234,19.86210526315789,17.986749543440872
235,19.13272727272727,17.986749543440872
236,16.35537313432836,17.986749543440872
237,15.54067669172932,17.986749543440872
238,16.21736842105263,17.986749543440872
239,18.16,17.986749543440872
240,15.81666666666667,17.986749543440872
241,16.91666666666666,17.986749543440872
242,13.59777777777778,17.986749543440872
243,17.20103448275862,17.986749543440872
244,18.3860396039604,18.839350610948223
245,18.56767857142857,19.927777505638456
246,16.826,21.016204400328693
247,15.83442105263158,22.10463129501893
248,17.62,23.19305818970916
249,19.55584415584416,24.281485084399392
250,20.96845070422535,25.36991197908963
251,24.09389610389611,26.39375090420484
252,25.37181818181818,23.606899624393577
253,23.95,20.820048344582318
254,20.58153846153846,18.03319706477106
255,17.67684210526316,19.94264555929795
256,18.13324324324324,21.931692355084813
257,18.86297297297297,23.920739150871672
258,23.51473684210526,25.909785946658534
259,23.07535714285714,27.349615909183296
260,24.91521739130435,28.589730659612755
261,27.48025974025974,29.829845410042218
262,25.32666666666667,31.069960160471677
263,25.88650602409639,32.310074910901136
264,27.85289473684211,33.5501896613306
265,33.10871794871795,34.79030441176006
266,34.98,33.69842959936394
267,32.11298245614035,32.39455573580186
268,34.18888888888889,31.090681872239777
269,38.34677419354839,29.7868080086777
270,35.31,28.482934145115614
271,31.00444444444445,27.179060281553536
272,24.6247619047619,25.18425744876675
273,26.73666666666667,22.285932117763043
274,22.28,19.38760678675933
275,20.68803738317757,19.458979404929178
276,21.61327102803738,22.30845655619687
277,22.9875,25.157933707464565
278,26.59666666666667,24.78952497518528
279,28.43677419354839,21.788300520003926
280,22.55666666666666,18.787076064822568
281,16.91428571428571,21.33766621742414
282,22.98333333333333,25.907098045583144
283,29.49333333333333,23.83535661884322
284,23.38905660377359,20.886479101833636
285,19.63666666666667,18.030324022214554
286,20.98352112676056,20.644792748635425
287,21.61732394366197,23.2592614750563
288,22.43,25.87373020147717
289,25.86428571428571,25.684852232648286
290,26.72142857142857,24.720580497048193
291,27.67431034482759,23.7563087614481
292,24.14837837837838,22.792037025848007
293,24.11666666666667,21.827765290247918
294,23.43727272727273,20.86349355464782
295,22.85777777777778,19.899221819047725
296,22.51870967741936,18.93495008344763
297,19.715,18.102550213058603
298,23.28,25.05059039012229
299,23.75,27.40861261727851
300,24.54666666666667,28.619130356957864
301,26.64833333333333,29.829648096637214
302,28.29016129032258,31.040165836316568
303,24.70261363636364,32.25068357599593
304,23.68510638297872,33.461201315675275
305,30.20384615384615,34.67171905535463
306,36.20142857142857,38.34547226781763
307,38.52538461538462,42.5721967088647
308,35.5078947368421,35.22515510692699
309,29.7165306122449,26.58347722014679
310,29.053,24.281092434004485
311,24.41289473684211,22.08539142566834
312,23.22868421052631,19.889690417332197
313,20.06,19.677439319859705
314,25.15,26.236500862111072
315,23.89146341463415,25.800006083345455
316,24.88928571428571,25.363511304579834
317,22.98,24.927016525814217
318,20.73,24.4905217470486
319,22.20909090909091,24.05402696828298
320,21.4488,23.61753218951736
321,25.21259259259259,23.18103741075174
322,24.26615384615385,22.74454263198612
323,23.10622641509434,22.3080478532205
324,23.3730303030303,23.44736248591163
325,22.35484848484849,25.02253929623973
326,22.61095238095238,26.597716106567837
327,24.06931623931624,28.172892916895943
328,25.0282905982906,29.748069727224042
329,24.44988505747126,28.318742621555952
330,22.60222222222222,22.68311003349318
331,21.44,22.61359419835643
332,20.84,23.050088977122055
333,20.905,23.48658375588767
334,21.97314136125654,23.923078534653285
335,21.47994764397906,24.359573313418906
336,20.98675392670157,24.796068092184527
337,20.58173913043478,25.232562870950147
338,23.40521739130435,25.669057649715764
339,26.74069767441861,26.105552428481385
340,25.53935483870968,27.06971057632927
341,26.39666666666666,29.767619794018895
342,26.12142857142857,32.46552901170851
343,31.38754385964912,34.89364730762918
344,33.02041095890411,34.89364730762918
345,34.37657534246575,34.89364730762918
346,32.10508196721312,34.89364730762918
347,33.472,34.89364730762918
348,29.61333333333333,34.89364730762918
349,27.695,34.89364730762918
350,27.72,34.89364730762918
351,30.43118644067797,34.89364730762918
352,31.07444444444445,34.89364730762918
353,34.14881188118812,36.3532356038181
354,35.25970297029703,40.00220634429039
355,40.40461538461538,43.950913967015765
356,45.12666666666667,51.19672729452506
357,52.845,59.4225071786237
358,43.50916666666667,45.69527643474951
359,49.99666666666667,55.55763346385934
360,56.90459459459459,58.43387338121194
361,57.75,56.00704595094566
362,52.54697674418605,53.58021852067943
363,53.59,57.94850789515871
364,47.17166666666667,49.09544142954736
365,46.71513513513514,46.16491248375473
366,48.06243243243243,50.09674917310083
367,51.86560975609756,55.68456212575264
368,61.60333333333333,65.70783194235948
369,70.2796,75.61109275638267
370,67.2732558139535,71.63797178179846
371,68.06666666666666,74.57310124398951
372,68.98181818181818,70.92474090344035
373,60.50357142857143,64.48071839495873
374,61.28,62.052600099038074
375,60.14166666666667,64.84825965070195
376,70.0411111111111,70.27612407185833
377,68.55625,75.50506152470005
378,74.88088235294117,81.54812468222474
379,78.93249999999999,81.65740708091599
380,76.39866666666667,74.49538981834053
381,69.67,69.92595799018153
382,73.07428571428571,72.03758936531563
383,59.235,63.4977592226222
384,63.11785714285714,67.1502285682516
385,53.82583333333334,63.35715873341454
386,64.26615384615384,65.7924604628699
387,55.2530612244898,56.176448022548584
388,54.19,57.210752356357744
389,60.00444444444445,55.85475014792388
390,49.4215625,52.41448270012599
391,50.27333333333333,55.24804098462685
392,48.66467741935484,58.08159926912766
393,57.78717391304348,59.40256744780145
394,57.72724137931035,55.753596707329145
395,52.24674418604651,52.104625966856865
396,46.09769230769231,56.27111899984806
397,56.80736842105263,59.76199428352519
398,57.910625,57.07835971778104
399,60.95,54.39472515203684
400,53.80578947368421,52.60563544154074
401,58.385,56.176448022548584
402,54.55136363636364,57.002667460798506
403,62.47333333333334,68.08126143733215
404,61.45434782608695,66.55565584783638
405,63.64767441860465,64.25016978908344
406,64.50235294117647,61.944683730330475
407,52.17333333333333,62.03366740277358
408,62.27076923076923,68.7074428360058
409,60.59290322580645,62.71958321118909
410,71.55,77.86534579160782
411,78.79352941176471,80.07587409123585
412,73.7875,77.43654765990738
413,73.01666666666667,82.94966649605571
414,79.99769230769232,80.03866155030224
415,69.00500000000001,71.06332203265501
416,68.685,64.1637140618802
417,60.12166666666666,66.52590764062667
418,75.27333333333334,78.90130766441345
419,64.83910447761194,65.09810511106673
420,60.18705882352941,62.310238276583206
421,66.63166666666666,70.34689958889679
422,65.81875000000001,73.42088100056736
423,67.48833333333333,76.49486241223798
424,84.42923076923077,94.06778948228826
425,73.055,74.67458322336637
426,62.20967741935484,67.19339228995909
427,57.394,60.543495627955956
428,61.22177215189873,64.01751571648781
429,62.92303797468355,67.49153580501967
430,60.679,61.9791876033186
431,61.16999999999999,62.444006617666616
432,59.08813953488372,65.07202181417259
433,56.91333333333333,67.7000370106785
434,58.48277777777778,61.022489306829286
435,70.84333333333333,75.75198357108428
436,58.3775,58.66897228851899
437,52.94166666666666,52.32888562694837
438,53.0265625,55.98919091429657
439,56.36333333333334,59.577718043344106
440,47.50333333333334,50.59290951723259
441,43.81083333333333,45.41732856901171
442,39.33615384615385,45.001031840567855
443,44.465,47.757591258642044
444,41.92333333333333,50.514150676716184
445,46.36658536585366,49.8544273435656
446,47.00551020408163,46.205456603093275
447,43.23857142857143,46.23906554412397
448,47.215,48.235837711898284
449,39.67,44.56928157026705
450,44.67666666666667,50.68020847298571
451,46.182,48.709358540305445
452,46.11225806451613,44.92423217518867
453,43.34,50.22781039607906
454,46.32075949367088,54.81136248187843
455,49.18,58.285382570410235
456,53.87183673469388,58.69520196146877
457,54.31466666666667,55.09798967121591
458,48.24555555555555,53.04369931918426
459,53.82,58.07018632603731
460,50.62360655737705,53.843461884990234
461,43.813125,43.91699161997688
462,39.06133333333334,49.61594592251225
463,47.00530303030303,53.23530474446648
464,48.36888888888888,55.56194205146487
465,46.93441558441558,57.88857935846326
466,52.51166666666667,60.21521666546165
467,55.01,60.253993953911646
468,53.64,60.45289863349032
469,56.88416666666667,66.42003902085088
470,61.03465116279069,74.19476930333008
471,76.54666666666667,85.1085787012654
472,72.47578947368422,80.7734767104479
473,71.31888888888889,79.50907196312613
474,82.55416666666666,93.64511703818354
475,71.18333333333334,77.86534579160782
476,67.19,71.25366237880526
477,62.81666666666667,70.74793049720093
478,65.57122448979592,74.24590934496405
479,70.46833333333333,76.17793254576344
480,68.0732075471698,70.28017751174423
481,61.34629629629629,62.29448161510676
482,59.72064516129033,66.84481850605282
483,67.24249999999999,72.88967544083134
484,74.9,75.89287438578583
485,66.9387341772152,69.55278772421521
486,68.41974683544305,74.202184609367
487,73.32744186046511,81.66939778855019
488,85.76888888888888,92.55050378550212
489,90.30703703703703,99.33876349112343
490,107.3633333333333,113.79250354050797
491,130.5861904761905,131.95735500738886
492,83.88499999999999,90.68640992945059
493,68.12326530612245,77.52318238447543
494,91.915,99.60625599124651
495,98.08333333333331,109.26115031091692
496,116.1357142857143,122.39170154125888
497,111.3766666666667,116.56173679498707
498,97.4038202247191,104.8923276849698
499,96.09595505617978,100.76869408394828
500,90.76272727272726,94.85582285265296
501,76.925,81.11492425972463
502,67.10777777777778,68.32319515954697
503,57.59066666666666,59.379499241970855
504,59.55333333333333,64.25825921385098
505,58.46444444444445,63.69067644336113
506,57.28837837837838,58.95042473377563
507,48.67166666666667,54.67706587197455
508,54.18,51.154795504435285
509,45.496,47.632525136896064
510,37.28,39.46307913578818
511,39.22000000000001,42.89015300690743
512,42.1641935483871,46.31722687802667
513,45.48714285714286,51.143054603210146
514,57.43333333333333,64.48071839495873
515,54.74,57.021792910758
516,48.62027027027027,50.67341855420492
517,46.74666666666667,48.95397555029599
518,43.59333333333333,52.68520832692038
519,46.21755555555556,58.64381321446514
520,57.93117647058823,63.91715513615246
521,59.33888888888889,63.38995079726916
522,54.77714285714286,57.7179592892834
523,59.14478260869565,61.406736983288106
524,53.52833333333334,56.283434630503784
525,52.32333333333333,58.55002650909163
526,54.04,61.20556018933064
527,56.96333333333333,63.861093869569636
528,64.9,71.95876932911894
529,68.27509433962264,68.82167863170979
530,60.64285714285715,65.07049389836064
531,74.27463414634147,81.72575411443079
532,89.36,97.28010005748405
533,74.28214285714286,84.45199137890616
534,79.38714285714286,88.07173853103542
535,64.36444444444444,68.98922446540895
536,49.48,51.438254405442
537,45.4553488372093,49.04981964192971
538,42.189,51.06254556623786
539,47.555,53.075271490545965
540,46.74470588235294,55.087997414854115
541,52.69689655172414,57.78383031953349
542,50.225,61.07738183203767
543,56.74,64.3709333445419
544,48.38,53.841032733012604
545,39.64555555555555,41.82547539094639
546,33.76877551020408,41.88502169753723
547,38.15,45.075002407761446
548,48.80333333333333,54.900142995252004
549,45.81130434782608,48.92147190182887
550,60.5819512195122,71.58161545591781
551,61.87333333333333,67.55469980662933
552,56.71240963855421,63.681067825030894
553,55.62807228915663,61.96753088947129
554,53.93463087248322,60.253993953911646
555,53.30241610738255,58.540457018351994
556,52.67020134228188,56.82692008279239
557,49.68469387755102,53.179791994685466
558,45.91760683760683,47.84077164809969
559,46.72786324786325,52.6458899600269
560,49.936,57.33695877628761
561,47.6016,60.908838585623165
562,56.36,64.48071839495873
563,47.88888888888889,51.39150722268389
564,43.054,43.939627653421525
565,38.32857142857143,39.19937594383601
566,37.47142857142857,35.37034555286005
567,33.60916666666667,31.556759591013062
568,31.21,37.37138232479471
569,44.68272727272727,49.45236482679131
570,44.58111111111111,52.974635194330574
571,51.86857142857143,58.20880470824368
572,67.51666666666667,71.50621983075318
573,66.46142857142857,68.07914595963393
574,59.6325,64.65207208851467
575,45.34399999999999,48.11920442961521
576,39.116,44.62494311376083
577,41.39333333333334,51.03204971889985
578,50.07333333333333,55.643021836405744
579,51.03466666666667,60.72363000291687
580,60.55947368421052,67.55469980662933
581,67.87953488372094,76.79860105172448
582,77.10538461538461,84.00699468599312
583,85.68833333333333,90.42223965188515
584,84.89533333333333,93.59228298267045
585,83.01607142857142,96.76232631345577
586,96.62,100.53431661859106
587,93.51,104.86941860940858
588,107.0866666666667,113.43208517731789
589,86.93,89.41839259713647
590,71.12055555555555,75.68153816373346
591,84.78,88.3617114868747
592,86.59093023255814,87.75719159588776
593,89.4544,85.39808958228008
594,82.92102564102564,83.03898756867238
595,75.16166666666666,75.30113296403923
596,73.99052631578948,76.02404859257695
597,72.06933333333333,79.52202744034004
598,77.64448979591837,80.39725394701885
599,77.11870967741936,78.27504920674414
600,80.65521739130435,76.15284446646949
601,75.98666666666666,74.03063972619478
602,70.48857142857142,76.95302002427798
603,82.24185185185186,85.77088594986253
604,87.47333333333333,93.4337808161312
605,95.39508196721312,96.79643437460982
606,90.58333333333334,90.3760934515003
607,84.14347826086957,87.42579393207143
608,90.74608695652174,95.39258371007911
609,118.6306666666667,122.30230874848273
610,108.0659459459459,109.01596128599135
611,117.0619047619048,123.3821686701954
612,107.9732142857143,103.64836488199498
613,83.94000000000001,82.03788145776964
614,108.4466666666667,112.68822418203621
615,126.8463157894737,126.95376745043504
616,132.8133333333333,137.74394203977477
617,120.6255555555556,125.276069944266
618,130.4633333333333,132.8127635252198
619,136.3206666666667,138.30750529858102
620,116.8122222222222,119.2715907789023
621,112.3766666666667,114.80822801858905
622,101.7227777777778,103.82768046434242
623,94.69466666666666,102.70500899225405
624,95.885,96.94196210220026
625,85.95333333333333,88.63342948665633
626,74.31944444444444,75.18842031227797
627,116.75,122.95040649610993
628,109.6066666666667,108.12811772495506
629,128.44,131.88873935087832
630,122.2820833333333,125.30163632586991
631,123.1566666666667,130.97034517912238
632,130.0133333333333,125.42125287333894
633,89.81333333333333,91.41379971697961
634,105.9038461538462,109.49533369211008
635,124.4284848484848,122.13046814825654
636,116.2733333333333,115.81398044709566
637,115.8125,119.48939300452794
638,117.8633333333333,123.16480556196015
639,125.4137209302326,125.34555034603662
640,122.1266666666667,122.80951568140839
641,118.7633333333333,122.44722501503294
642,141.3166666666667,144.13821747623058
643,138.0366666666667,130.27883170857217
644,99.17923076923076,106.06623305687353
645,126.2595833333333,124.97965479740866
646,100.0042857142857,103.72887391896727
647,120.6653333333333,125.53340476563869
648,91.68777777777778,92.24001675102465
649,84.3925,84.93806468962657
650,75.64,73.76113510247511
651,68.77666666666667,69.69040200834232
652,83.08666666666666,84.90988652668624
653,109.2033333333333,112.38359539349224
654,115.0555555555556,117.01286501940098
655,110.7266666666667,113.22894028170167
656,116.505,119.00546368446601
657,98.08666666666667,106.10755001133145
658,116.2441666666667,122.95040649610993
659,134.705,137.03948796626685
660,121.9857142857143,126.59008587590047
661,118.3133333333333,119.54554514082203
662,98.22666666666666,101.35524541512804
663,100.5965573770492,104.94889547924024
664,98.14333333333336,107.54995667373073
665,104.0933333333333,110.15101786822126
666,108.45375,106.53120770588862
667,98.47083333333332,97.12042380082225
668,92.92648648648648,97.85171421998756
669,101.05,102.06429518156651
670,85.18,86.41943096991736
671,92.32648648648647,90.27236345359292
672,82.40444444444444,77.77014929518779
673,78.23271186440678,80.05486520926729
674,79.8488888888889,82.3395811233468
675,79.16368421052631,84.6242970374263
676,90.2990476190476,83.38629980956462
677,86.96773584905661,79.45446312021852
678,78.11658536585367,79.08213010039405
679,83.87666666666667,83.6931022179
680,87.05,89.13661096773332
681,92.10396226415094,92.17007646794058
682,89.13964285714286,87.70395717779041
683,93.87888888888888,93.40291148032578
684,97.60666666666664,95.07415244444233
685,106.8722222222222,107.92205292794257
686,113.0752631578947,111.82003213468597
687,122.23,117.33656114743403
688,115.0433333333333,112.10762369459228
689,100.8281818181818,96.55409797702184
690,114.895,109.9571424736319
691,110.7323529411765,105.26078198357959
692,99.59411764705882,98.457080247991
693,94.56,92.28811603342632
694,100.0766666666667,101.02945326754225
695,116.7144444444444,108.62242320971991
696,110.0852380952381,104.21192814080123
697,113.6883333333333,109.99172807414006
698,103.6309090909091,105.38240567832199
699,119.64,118.53829940413978
700,123.598275862069,113.52090678927603
701,120.5311111111111,118.97119294575482
702,122.208115942029,116.06991670965662
703,119.9458064516129,112.59589662112478
704,115.2488888888889,114.5340341442004
705,123.586,119.07406497120554
706,125.5976271186441,117.74629813108604
707,127.2644444444444,116.41853129096654
708,123.0593548387097,115.09076445084705
709,120.6830434782609,113.76299761072754
710,120.3774576271186,112.43523077060804
711,116.9525,111.10746393048849
712,108.0422222222222,103.25632087586887
713,113.2112903225807,108.8009432482238
714,109.5740540540541,103.72887391896727
715,115.49,110.74724019135297
716,111.4247058823529,109.61000491573492
717,113.1,108.47276964011685
718,110.4076923076923,107.33553436449881
719,112.1716216216216,106.19829908888076
720,110.2708,105.06106381326272
721,109.1790099009901,103.92382853764467
722,108.2879207920792,102.78659326202664
723,105.3384848484849,99.74367658883719
724,100.912,96.12076992508253
725,97.89666666666668,94.46027103752834
726,100.4474774774775,95.36599770346702
727,99.19342342342344,96.27172436940565
728,97.4895652173913,97.17745103534435
729,98.26032786885246,98.08317770128298
730,97.50571428571428,98.98890436722168
731,96.27705882352942,99.89463103316031
732,98.54076923076924,100.80035769909898
733,100.3,101.70608436503764
734,102.84,102.26763489791959
735,104.3051162790698,99.73160023329135
736,104.26,97.19556556866308
737,101.3716666666667,94.65953090403485
738,99.15857142857143,94.06778948228826
739,97.80555555555556,94.06778948228826
740,97.15138888888887,94.06778948228826
741,96.49722222222222,94.06778948228826
742,94.97457142857144,94.06778948228826
743,96.32028571428572,94.06778948228826
744,95.06333333333332,94.06778948228826
745,93.42153846153846,94.06778948228826
746,93.0083870967742,94.06778948228826
747,98.24555555555555,94.34957111169142
748,100.4082608695652,98.57629555273849
749,104.1025,102.45333917657445
750,106.1245588235294,101.43485135945465
751,107.59296875,100.41636354233486
752,109.519387755102,99.3978757252151
753,108.8954545454545,98.37938790809531
754,107.9681818181818,97.36090009097556
755,103.5896815286624,96.34241227385577
756,102.8177070063694,95.32392445673598
757,102.0457324840764,94.30543663961619
758,101.97,96.69521278347968
759,103.8218072289157,100.12228665459894
760,104.8477514792899,102.17304138525725
761,104.1802958579882,101.0123847881734
762,103.5128402366864,99.85172819108952
763,101.454375,98.69107159400565
764,102.9276642335766,97.5304149969218
765,102.2707299270073,96.36975839983792
766,101.613795620438,95.20910180275405
767,99.87148148148148,94.01948406010487
768,96.96681818181818,91.12115872910114
769,94.12645161290322,88.22283339809745
770,90.19,85.19516131678448
771,86.60095238095238,81.0033684826882
772,83.02935483870968,77.12445443843576
773,79.6441095890411,76.68720708246538
774,78.38380952380952,76.24995972649498
775,77.04809523809524,75.81271237052458
776,78.98920000000001,75.37546501455424
777,82.42111111111112,74.93821765858381
778,84.75827586206897,74.50097030261345
779,82.97666666666667,74.06372294664305
780,81.59414634146341,73.62647559067267
781,81.59,73.18922823470228
782,76.73642857142858,69.95760076927323
783,73.64875,69.21464976893145
784,83.57739130434783,81.03792312985176
785,83.30736842105263,80.12568044473367
786,84.07245901639344,79.21343775961563
787,85.49117647058823,78.30119507449753
788,83.77627118644068,77.38895238937945
789,81.40094527363183,76.47670970426137
790,80.93228855721392,75.56446701914332
791,80.46363184079601,74.65222433402523
792,79.99497512437812,73.73998164890719
793,77.64937499999999,72.46077413965561
794,74.19780487804879,68.40311867625041
795,70.95285714285714,64.5313378493425
796,70.16841836734694,66.04992148085644
797,70.6490306122449,67.56850511237036
798,71.12964285714285,69.0870887438843
799,72.89315789473683,70.60567237539817
800,72.71888888888888,72.12425600691209
801,73.55291666666666,68.85319195466259
802,71.38187500000001,68.44327255844036
803,74.524,73.3426982639199
804,73.684,74.28546207976683
805,72.9888888888889,75.22822589561373
806,74.32222222222222,76.17098971146069
807,76.65186440677967,77.1137535273076
808,77.52644067796611,78.05651734315454
809,80.69095238095238,78.99928115900148
810,82.73533333333333,79.94204497484839
811,83.7536170212766,80.88480879069535
812,83.58765957446808,79.49404360955793
813,80.5755357142857,75.43638814615274
814,74.89166666666667,71.90544069351762
815,77.30125,69.22180612777342
816,78.2035294117647,66.53817156202926
817,72.97727272727272,68.2984049868722
818,79.60499999999999,71.39392023497638
819,82.39333333333333,69.24473831579992
820,81.085,67.09555639662344
821,73.2,64.94637447744694
822,70.10044444444445,60.11465138992109
823,57.37875,52.162835738192975
824,53.17851063829787,50.17977103803252
825,54.19809523809523,53.99335699987949
826,66.02833333333332,63.42403728469695
827,72.35837837837838,60.97410256238633
828,67.24333333333334,57.21701417034448
829,62.97444444444444,62.00298337779321
830,70.06,70.64170656326463
831,72.5788888888889,66.17140817137755
832,78.81666666666666,74.77855612405526
833,88.3478787878788,79.54519781304961
834,79.285,73.04254482682333
835,78.49,68.6713169860823
836,69.026,63.67562802523547
837,78.05166666666668,72.75039664918124
838,68.22318181818181,61.89292792084828
839,63.74666666666667,59.572264205355644
840,79.27,72.47722409423697
841,75.18333333333334,67.90779226607798
842,64.97,59.784357904906415
843,77.39333333333333,73.24725797638968
844,82.11,75.63927091932301
845,72.788,68.85319195466259
846,87.875,77.74613048686032
847,68.00096774193548,66.08395870018349
848,84.9775,81.5003288109083
849,91.19142857142856,88.26308791658361
850,78.82,74.51918894244552
851,78.745,75.28234752207905
852,85.4206976744186,76.09012152636804
853,86.28846153846153,80.95686717152438
854,82.39548387096774,77.72624976435466
855,82.88030303030303,74.49563235718493
856,75.2720930232558,69.6584558352414
857,65.40666666666667,60.05272136148082
858,61.66770491803279,60.57213450323776
859,68.53533333333333,65.37889733868123
860,66.03999999999999,68.54894066946653
861,70.37333333333333,71.71898400025184
862,82.62777777777778,70.19050404339075
863,74.61428571428571,65.74132042123593
864,80.365,71.68180447970558
865,79.29388888888889,66.98544398965328
866,77.83111111111111,72.82438222663605
867,79.21932203389831,71.17760647038395
868,74.47646341463414,69.53083071413184
869,73.921875,67.88405495787977
870,76.98214285714286,66.23727920162764
871,71.34166666666667,64.59050344537555
872,58.85571428571428,55.01609141692027
873,62.83,52.58926398665404
874,59.18294117647059,50.16243655638776
875,53.06666666666667,47.73560912612149
876,47.34,45.41549325661871
877,50.42046511627907,50.79418210966341
878,55.98565217391305,54.81963395827972
879,55.92916666666667,51.22936609329759
880,51.19857142857143,48.220532567105465
881,52.57210084033613,49.606343859252064
882,53.32840336134453,50.99215515139866
883,55.31863636363637,52.37796644354521
884,54.12571428571429,53.76377773569182
885,55.79,55.14958902783841
886,58.98,55.86722142731718
887,58.16095238095238,55.43072664855156
888,57.34190476190476,54.994231869785956
889,57.42724137931035,54.5577370910203
890,58.74333333333333,54.12124231225469
891,57.74333333333333,53.68474753348908
892,56.68043478260869,53.24825275472346
893,55.55869565217391,52.811757975957846
894,56.9969306930693,52.37526319719224
895,56.10584158415841,51.938768418426584
896,51.194,45.61141285457
897,50.07333333333333,43.67446727379754
898,50.3972972972973,44.110962052563195
899,50.39857142857143,44.5474568313288
900,49.5525641025641,44.983951610094415
901,50.92666666666667,45.42044638886002
902,50.59904761904762,45.85694116762564
903,50.19,46.29343594639125
904,50.93333333333333,46.72993072515686
905,50.72715736040609,47.16642550392248
906,50.27030456852792,47.54467080703905
907,49.81345177664975,47.10742345106865
908,49.35659898477157,46.67017609509826
909,48.40035294117647,46.23292873912787
910,47.19538461538462,45.79568138315747
911,46.88588235294117,45.35843402718713
912,50.54695652173913,44.92118667121673
913,50.07333333333334,44.483939315246346
914,49.27333333333333,44.046691959275954
915,47.84107142857143,43.60944460330556
916,48.78521126760563,43.521694101229585
917,50.14108108108108,43.95818887999519
918,46.06571428571429,44.394683658760805
919,48.69666666666667,44.83117843752641
920,50.45,45.26767321629207
921,47.54730769230769,45.70416799505769
922,50.45,46.1406627738233
923,49.12980769230769,46.57715755258891
924,50.20865384615384,47.01365233135453
925,51.96666666666667,47.450147110120135
926,49.63263157894737,47.88664188888575
927,50.55692307692308,48.323136667651404
928,53.03529801324503,48.75963144641702
929,53.66311258278146,49.19612622518263
930,54.16500000000001,49.632621003948245
931,51.27810810810811,50.06911578271385
932,56.13315789473684,50.50561056147947
933,55.25191780821918,50.94210534024508
934,55.73462365591398,51.378600119010734
935,57.0478431372549,51.786020245559584
936,57.32724137931034,51.3502754578228
937,58.20552238805971,50.91453067008596
938,61.6104,50.47878588234917
939,61.00987499999999,50.043041094612335
940,58.85441860465117,49.60729630687554
941,61.00238095238095,49.171551519138745
942,59.7775,48.735806731401915
943,57.69868217054264,48.30006194366512
944,56.82891472868217,47.86431715592828
945,53.74882352941177,47.15114818666571
946,56.169375,45.88313085435158
947,54.88586206896552,44.61511352203746
948,53.02263157894737,43.34709618972333
949,54.92625,42.07907885740921
950,50.679375,40.81106152509509
951,48.60018181818182,39.54304419278096
952,36.75,30.666922866582105
953,37.17,35.00202485739962
954,41.53918918918919,38.53059624527434
955,30.61,29.14377892386244
956,29.48857142857143,24.574347095703438
957,26.495,22.90209762937764
958,27.25,24.32683620501149
959,30.51631578947369,25.751574780645335
960,27.86689655172414,27.176313356279184
961,30.96307692307692,28.601051931913027
962,32.83746031746032,30.025790507546873
963,35.20330434782608,30.074643008600983
964,34.26939130434783,28.997770539544405
965,32.69555555555556,27.920898070487823
966,31.40666666666667,26.844025601431245
967,31.00666666666666,25.767153132374663
968,30.60666666666667,24.690280663318084
969,30.12455882352941,23.6134081942615
970,28.73926470588236,22.536535725204924
971,26.75434782608696,21.90740083530868
972,26.47484472049689,21.47015347933829
973,26.19534161490683,21.0329061233679
974,25.91583850931677,20.595658767397516
975,25.63633540372671,20.158411411427124
976,25.16964285714286,19.721164055456743
977,24.32857142857143,19.28391669948636
978,23.3305,18.846669343515966
979,22.14820224719101,18.409421987545578
980,20.9347191011236,17.95327053796723
981,18.96714285714286,16.948900373758022
982,17.68142857142857,15.94453020954882
983,15.60576530612245,14.940160045339612
984,15.12515306122449,13.93578988113041
985,14.64454081632653,12.9314197169212
986,14.14826086956522,11.927049552711992
987,13.53335403726708,10.922679388502788
988,12.91844720496894,9.918309224293582
989,13.06263157894737,9.533300661346718
990,14.19947368421053,9.533300661346718
991,12.06132530120482,9.533300661346718
992,10.86855421686747,9.533300661346718
993,9.450571428571427,9.533300661346718
994,7.685,9.533300661346718
995,9.266585365853658,9.533300661346718
996,8.864146341463414,9.533300661346718
997,8.46170731707317,9.533300661346718
998,8.059268292682926,9.533300661346718
999,7.656829268292682,9.133180447478232
1000,7.493132530120482,8.696685668712615
1001,7.346488812392427,8.260190889946998
1002,7.199845094664372,7.823696111181377
1003,7.053201376936317,7.38720133241576
1004,6.906557659208262,6.9507065536501385
1005,6.759913941480208,6.514211774884522
1006,6.613270223752152,6.0777169961189
1007,6.466626506024097,5.641222217353283
1008,6.319982788296041,5.306576220299641
1009,6.185042881646655,5.306576220299641
1010,6.085214408233276,5.306576220299641
1011,5.985385934819897,5.306576220299641
1012,5.885557461406518,5.306576220299641
1013,5.785728987993139,5.306576220299641
1014,5.685900514579759,5.306576220299641
1015,5.58607204116638,5.306576220299641
1016,5.486243567753001,5.306576220299641
1017,5.386415094339623,5.306576220299641
1018,5.286586620926244,5.306576220299641
1019,5.206953528399311,5.306576220299641
1020,5.14499139414802,5.306576220299641
1021,5.083029259896729,5.306576220299641
1022,5.021067125645438,5.306576220299641
1023,4.959104991394147,5.306576220299641
1024,4.897142857142857,5.306576220299641
1025,4.835180722891566,5.306576220299641
1026,4.773218588640275,5.306576220299641
1027,4.711256454388984,5.306576220299641
1028,4.649294320137694,5.306576220299641
1029,4.581187607573149,5.306576220299641
1030,4.511996557659208,5.306576220299641
1031,4.442805507745266,5.306576220299641
1032,4.373614457831325,5.306576220299641
1033,4.304423407917383,5.306576220299641
1034,4.235232358003442,5.306576220299641
1035,4.1660413080895,5.306576220299641
1036,4.096850258175559,5.306576220299641
1037,4.027659208261618,5.248476915268066
1038,3.940530451866405,4.812732127531255
1039,3.763713163064833,4.376987339794443
1040,3.586895874263262,3.941242552057631
1041,3.41007858546169,3.5054977643208183
1042,3.233261296660118,3.0697529765840064
1043,3.056444007858546,2.634008188847194
1044,2.879626719056974,2.198263401110382
1045,2.702809430255403,1.7625186133735702
1046,2.525992141453831,1.3267738256367578
1047,2.433430531732419,1.0798517792525644
1048,2.37991423670669,1.0798517792525644
1049,2.326397941680961,1.0798517792525644
1050,2.272881646655232,1.0798517792525644
1051,2.219365351629503,1.0798517792525644
1052,2.165849056603774,1.0798517792525644
1053,2.112332761578045,1.0798517792525644
1054,2.058816466552316,1.0798517792525644
1055,2.005300171526587,1.0798517792525644
1056,1.951783876500857,1.0798517792525644
1057,1.91213058419244,1.0798517792525644
1058,1.872955326460481,1.0798517792525644
1059,1.833780068728522,1.0798517792525644
1060,1.794604810996564,1.0798517792525644
1061,1.755429553264605,1.0798517792525644
1062,1.716254295532646,1.0798517792525644
1063,1.677079037800687,1.0798517792525644
1064,1.637903780068729,1.0798517792525644
1065,1.59872852233677,1.0798517792525644
1066,1.651032258064516,1.0798517792525644
1067,1.954903225806452,1.0798517792525644
1068,2.258774193548387,1.0798517792525644
1069,2.562645161290323,1.0798517792525644
1070,2.866516129032258,1.0798517792525644
1071,3.115658914728682,1.0798517792525644
1072,2.872248062015504,1.0798517792525644
1073,2.628837209302326,1.0798517792525644
1074,2.385426356589148,1.0798517792525644
1075,2.142015503875969,1.0798517792525644
1076,1.898604651162791,1.0798517792525644
1077,1.655193798449612,1.0798517792525644
1078,1.484750430292599,1.0798517792525644
1079,1.353597246127367,1.0798517792525644
1080,1.222444061962134,1.0798517792525644
1081,1.091290877796902,1.0798517792525644
1082,0.9601376936316696,1.0798517792525644
1083,0.8289845094664372,1.0798517792525644
1084,0.6978313253012048,1.0798517792525644
1085,0.5666781411359725,1.0798517792525644
1086,0.4355249569707401,1.0798517792525644
1087,0.3043717728055078,1.0798517792525644
1088,0.3,1.0798517792525644
1089,0.3,1.0798517792525644
1090,0.3,1.0798517792525644
1091,0.3,1.0798517792525644
1092,0.3,1.0798517792525644
1093,0.3,1.0798517792525644
1094,0.3,1.0798517792525644
1095,0.3,1.0798517792525644
1096,0.3,1.0798517792525644
1097,0.3,1.0798517792525644
1098,0.3,1.0798517792525644
1099,0.3,1.0798517792525644
1100,0.3,1.0798517792525644
1101,0.3,1.0798517792525644
1102,0.3,1.0798517792525644
1103,0.3,1.0798517792525644
1104,0.3,1.0798517792525644
1105,0.3,1.0798517792525644
1106,0.3,1.0798517792525644
1107,0.2912220309810671,1.0798517792525644
1108,0.2757314974182444,1.0798517792525644
1109,0.2602409638554217,1.0798517792525644
1110,0.244750430292599,1.0798517792525644
1111,0.2292598967297763,1.0798517792525644
1112,0.2137693631669535,1.0798517792525644
1113,0.1982788296041308,1.0798517792525644
1114,0.1827882960413081,1.0798517792525644
1115,0.1672977624784854,1.0798517792525644
1116,0.1518072289156626,1.0798517792525644
1117,0.1563745704467354,1.0798517792525644
1118,0.1635910652920962,1.0798517792525644
1119,0.170807560137457,1.0798517792525644
1120,0.1780240549828179,1.0798517792525644
1121,0.1852405498281787,1.0798517792525644
1122,0.1924570446735395,1.0798517792525644
1123,0.1996735395189004,1.0798517792525644
1124,0.2068900343642612,1.0798517792525644
1125,0.214106529209622,1.0798517792525644
1126,0.321764705882353,1.0798517792525644
1127,0.8768449197860962,1.0798517792525644
1128,1.43192513368984,1.0798517792525644
1129,0.4492123287671233,1.0798517792525644
1130,0.4255821917808219,1.0798517792525644
1131,0.4019520547945206,1.0798517792525644
1132,0.3783219178082192,1.0798517792525644
1133,0.3546917808219178,1.0798517792525644
1134,0.3310616438356164,1.0798517792525644
1135,0.3074315068493151,1.0798517792525644
1136,0.2838013698630137,1.0798517792525644
1137,0.2601712328767123,1.0798517792525644
1138,0.236541095890411,1.0798517792525644
1139,0.2153528399311532,1.0798517792525644
1140,0.1998623063683305,1.0798517792525644
1141,0.1843717728055078,1.0798517792525644
1142,0.1688812392426851,1.0798517792525644
1143,0.1533907056798623,1.0798517792525644
1144,0.1379001721170396,1.0798517792525644
1145,0.1224096385542169,1.0798517792525644
1146,0.1069191049913941,1.0798517792525644
1147,0.0914285714285714,1.0798517792525644
1148,0.0759380378657487,1.0798517792525644
1149,0.0846724137931034,1.0798517792525644
1150,0.1084655172413793,1.0798517792525644
1151,0.1322586206896552,1.0798517792525644
1152,0.1560517241379311,1.0798517792525644
1153,0.1798448275862069,1.0798517792525644
1154,0.2036379310344828,1.0798517792525644
1155,0.2274310344827586,1.0798517792525644
1156,0.2512241379310345,1.0798517792525644
1157,0.2750172413793103,1.0798517792525644
1158,0.2988103448275862,1.0798517792525644
1159,0.2853344768439108,1.0798517792525644
1160,0.2698970840480274,1.0798517792525644
1161,0.2544596912521441,1.0798517792525644
1162,0.2390222984562607,1.0798517792525644
1163,0.2235849056603774,1.0798517792525644
1164,0.208147512864494,1.0798517792525644
1165,0.1927101200686107,1.0798517792525644
1166,0.1772727272727273,1.0798517792525644
1167,0.1618353344768439,1.0798517792525644
1168,0.15,1.0798517792525644
1169,0.15,1.0798517792525644
1170,0.15,1.0798517792525644
1171,0.15,1.0798517792525644
1172,0.15,1.0798517792525644
1173,0.15,1.0798517792525644
1174,0.15,1.0798517792525644
1175,0.15,1.0798517792525644
1176,0.15,1.0798517792525644
1177,0.15,1.0798517792525644
1178,0.1538620689655172,1.0798517792525644
1179,0.1611034482758621,1.0798517792525644
1180,0.1683448275862069,1.0798517792525644
1181,0.1755862068965517,1.0798517792525644
1182,0.1828275862068965,1.0798517792525644
1183,0.1900689655172414,1.0798517792525644
1184,0.1973103448275862,1.0798517792525644
1185,0.204551724137931,1.0798517792525644
1186,0.2117931034482758,1.0798517792525644
1187,0.2190344827586207,1.0798517792525644
1188,0.2137457044673539,1.0798517792525644
1189,0.2065292096219931,1.0798517792525644
1190,0.1993127147766323,1.0798517792525644
1191,0.1920962199312715,1.0798517792525644
1192,0.1848797250859106,1.0798517792525644
1193,0.1776632302405498,1.0798517792525644
1194,0.170446735395189,1.0798517792525644
1195,0.1632302405498282,1.0798517792525644
1196,0.1560137457044673,1.0798517792525644
1197,0.1525817555938038,1.0798517792525644
1198,0.1680722891566265,1.0798517792525644
1199,0.1835628227194492,1.0798517792525644
1200,0.1990533562822719,1.0798517792525644
1201,0.2145438898450946,1.0798517792525644
1202,0.2300344234079174,1.0798517792525644
1203,0.2455249569707401,1.0798517792525644
1204,0.2610154905335628,1.0798517792525644
1205,0.2765060240963855,1.0798517792525644
1206,0.2919965576592082,1.0798517792525644
1207,0.285,1.0798517792525644
1208,0.2539655172413793,1.0798517792525644
1209,0.2229310344827586,1.0798517792525644
1210,0.1918965517241379,1.0798517792525644
1211,0.1608620689655172,1.0798517792525644
1212,0.1298275862068965,1.0798517792525644
1213,0.0987931034482758,1.0798517792525644
1214,0.0677586206896551,1.0798517792525644
1215,0.0367241379310344,1.0798517792525644
1216,0.0056896551724137,1.0798517792525644
1217,0.0058833619210977,1.0798517792525644
1218,0.0130874785591766,1.0798517792525644
1219,0.0202915951972555,1.0798517792525644
1220,0.0274957118353344,1.0798517792525644
1221,0.0346998284734133,1.0798517792525644
1222,0.0419039451114922,1.0798517792525644
1223,0.0491080617495711,1.0798517792525644
1224,0.0563121783876501,1.0798517792525644
1225,0.063516295025729,1.0798517792525644
1226,0.0715384615384615,1.0798517792525644
1227,0.0869230769230769,1.0798517792525644
1228,0.1023076923076923,1.0798517792525644
1229,0.1176923076923077,1.0798517792525644
1230,0.1330769230769231,1.0798517792525644
1231,0.1484615384615385,1.0798517792525644
1232,0.1638461538461539,1.0798517792525644
1233,0.1792307692307692,1.0798517792525644
1234,0.1946153846153846,1.0798517792525644
1235,0.21,1.0798517792525644
1236,0.22,1.0798517792525644
1237,0.22,1.0798517792525644
1238,0.22,1.0798517792525644
1239,0.22,1.0798517792525644
1240,0.22,1.0798517792525644
1241,0.22,1.0798517792525644
1242,0.22,1.0798517792525644
1243,0.22,1.0798517792525644
1244,0.22,1.0798517792525644
1245,0.22,1.0798517792525644
1246,0.2150940170940171,1.0798517792525644
1247,0.2079145299145299,1.0798517792525644
1248,0.2007350427350427,1.0798517792525644
1249,0.1935555555555555,1.0798517792525644
1250,0.1863760683760683,1.0798517792525644
1251,0.1791965811965812,1.0798517792525644
1252,0.172017094017094,1.0798517792525644
1253,0.1648376068376068,1.0798517792525644
1254,0.1576581196581197,1.0798517792525644
1255,0.1504786324786325,1.0798517792525644
1256,0.1644578313253012,1.0798517792525644
1257,0.1799483648881239,1.0798517792525644
1258,0.1954388984509466,1.0798517792525644
1259,0.2109294320137693,1.0798517792525644
1260,0.2264199655765921,1.0798517792525644
1261,0.2419104991394148,1.0798517792525644
1262,0.2574010327022375,1.0798517792525644
1263,0.2728915662650602,1.0798517792525644
1264,0.2883820998278829,1.0798517792525644
1265,0.3,1.0798517792525644
1266,0.3,1.0798517792525644
1267,0.3,1.0798517792525644
1268,0.3,1.0798517792525644
1269,0.3,1.0798517792525644
1270,0.3,1.0798517792525644
1271,0.3,1.0798517792525644
1272,0.3,1.0798517792525644
1273,0.3,1.0798517792525644
1274,0.3,1.0798517792525644
1275,0.295448275862069,1.0798517792525644
1276,0.2871724137931034,1.0798517792525644
1277,0.2788965517241379,1.0798517792525644
1278,0.2706206896551724,1.0798517792525644
1279,0.2623448275862069,1.0798517792525644
1280,0.2540689655172413,1.0798517792525644
1281,0.2457931034482758,1.0798517792525644
1282,0.2375172413793103,1.0798517792525644
1283,0.2292413793103448,1.0798517792525644
1284,0.2209655172413793,1.0798517792525644
1285,0.2063636363636364,1.0798517792525644
1286,0.190926243567753,1.0798517792525644
1287,0.1754888507718697,1.0798517792525644
1288,0.1600514579759863,1.0798517792525644
1289,0.1446140651801029,1.0798517792525644
1290,0.1291766723842196,1.0798517792525644
1291,0.1137392795883362,1.0798517792525644
1292,0.0983018867924528,1.0798517792525644
1293,0.0828644939965694,1.0798517792525644
1294,0.0687972508591065,1.0798517792525644
1295,0.0615807560137457,1.0798517792525644
1296,0.0543642611683848,1.0798517792525644
1297,0.047147766323024,1.0798517792525644
1298,0.0399312714776632,1.0798517792525644
1299,0.0327147766323024,1.0798517792525644
