time,watt_hi.common@irr_1:VALUE,watt_hi.common@irr_2:VALUE,watt_hi.common@irr_3:VALUE,watt.common@irr_dav_1:VALUE
2025-07-09 03:00:40,0.0,0.0,0.0,0.22
2025-07-09 03:01:40,0.0,0.0,0.0,0.22
2025-07-09 03:02:40,0.0,0.0,0.0,0.22
2025-07-09 03:03:40,0.0,0.0,0.0,0.22
2025-07-09 03:04:40,0.0,0.0,0.0,0.22
2025-07-09 03:05:40,0.0,0.0,0.0,0.22
2025-07-09 03:06:40,0.0,0.0,0.0,0.22
2025-07-09 03:07:40,0.0,0.0,0.0,0.2058732876712329
2025-07-09 03:08:40,0.0,0.0,0.0,0.1904623287671233
2025-07-09 03:09:40,0.0,0.0,0.0,0.1750513698630137
2025-07-09 03:10:40,0.0,0.0,0.0,0.1596404109589041
2025-07-09 03:11:40,0.0,0.0,0.0,0.1442294520547945
2025-07-09 03:12:40,0.0,0.0,0.0,0.1288184931506849
2025-07-09 03:13:40,0.0,0.0,0.0,0.1134075342465753
2025-07-09 03:14:40,0.0,0.0,0.0,0.09799657534246575
2025-07-09 03:15:40,0.0,0.0,0.0,0.08258561643835617
2025-07-09 03:16:40,0.0,0.0,0.0,0.07435456110154906
2025-07-09 03:17:40,0.0,0.0,0.0,0.0981067125645439
2025-07-09 03:18:40,0.0,0.0,0.0,0.1218588640275387
2025-07-09 03:19:40,0.0,0.0,0.0,0.1456110154905336
2025-07-09 03:20:40,0.0,0.0,0.0,0.1693631669535284
2025-07-09 03:21:40,0.0,0.0,0.0,0.1931153184165232
2025-07-09 03:22:40,0.0,0.0,0.0,0.2168674698795181
2025-07-09 03:23:40,0.0,0.0,0.0,0.2406196213425129
2025-07-09 03:24:40,0.0,0.0,0.0,0.2643717728055077
2025-07-09 03:25:40,0.0,0.0,0.0,0.2881239242685026
2025-07-09 03:26:40,0.0,0.0,0.0,0.280895008605852
2025-07-09 03:27:40,0.0,0.0,0.0,0.2426850258175559
2025-07-09 03:28:40,0.0,0.0,0.0,0.2044750430292599
2025-07-09 03:29:40,0.0,0.0,0.0,0.1662650602409639
2025-07-09 03:30:40,0.0,0.0,0.0,0.1280550774526678
2025-07-09 03:31:40,0.0,0.0,0.0,0.08984509466437177
2025-07-09 03:32:40,0.0,0.0,0.0,0.05163511187607572
2025-07-09 03:33:40,0.0,0.0,0.0,0.01342512908777968
2025-07-09 03:34:40,0.0,0.0,0.0,-0.02478485370051636
2025-07-09 03:35:40,0.0,0.0,0.0,-0.0629948364888124
2025-07-09 03:36:40,0.0,0.0,0.0,-0.06409638554216868
2025-07-09 03:37:40,0.0,0.0,0.0,-0.05686746987951807
2025-07-09 03:38:40,0.0,0.0,0.0,-0.04963855421686747
2025-07-09 03:39:40,0.0,0.0,0.0,-0.04240963855421687
2025-07-09 03:40:40,0.0,0.0,0.0,-0.03518072289156626
2025-07-09 03:41:40,0.0,0.0,0.0,-0.02795180722891566
2025-07-09 03:42:40,0.0,0.0,0.0,-0.02072289156626506
2025-07-09 03:43:40,0.0,0.0,0.0,-0.01349397590361446
2025-07-09 03:44:40,0.0,0.0,0.0,-0.006265060240963854
2025-07-09 03:45:40,0.0,0.0,0.0,0.00204778156996587
2025-07-09 03:46:40,0.0,0.0,0.0,0.01740614334470989
2025-07-09 03:47:40,0.0,0.0,0.0,0.03276450511945392
2025-07-09 03:48:40,0.0,0.0,0.0,0.04812286689419795
2025-07-09 03:49:40,0.0,0.0,0.0,0.06348122866894197
2025-07-09 03:50:40,0.0,0.0,0.0,0.078839590443686
2025-07-09 03:51:40,0.0,0.0,0.0,0.09419795221843003
2025-07-09 03:52:40,0.0,0.0,0.0,0.1095563139931741
2025-07-09 03:53:40,0.0,0.0,0.0,0.1249146757679181
2025-07-09 03:54:40,0.0,0.0,0.0,0.1402730375426621
2025-07-09 03:55:40,0.0,0.0,0.0,0.1583161512027491
2025-07-09 03:56:40,0.0,0.0,0.0,0.1809965635738832
2025-07-09 03:57:40,0.0,0.0,0.0,0.2036769759450172
2025-07-09 03:58:40,0.0,0.0,0.0,0.2263573883161512
2025-07-09 03:59:40,0.0,0.0,0.0,0.2490378006872852
2025-07-09 04:00:40,0.0,0.0,0.0,0.2717182130584193
2025-07-09 04:01:40,0.0,0.0,0.0,0.2943986254295533
2025-07-09 04:02:40,0.0,0.0,0.0,0.3170790378006872
2025-07-09 04:03:40,0.0,0.0,0.0,0.3397594501718213
2025-07-09 04:04:40,0.0,0.0,0.0,0.3624398625429553
2025-07-09 04:05:40,0.0,0.0,0.0,0.3548797250859106
2025-07-09 04:06:40,0.0,0.0,0.0,0.3321993127147767
2025-07-09 04:07:40,0.0,0.0,0.0,0.3095189003436426
2025-07-09 04:08:40,0.0,0.0,0.0,0.2868384879725086
2025-07-09 04:09:40,0.0,0.0,0.0,0.2641580756013746
2025-07-09 04:10:40,0.0,0.0,0.0,0.2414776632302406
2025-07-09 04:11:40,0.0,0.0,0.0,0.2187972508591066
2025-07-09 04:12:40,0.0,0.0,0.0,0.1961168384879725
2025-07-09 04:13:40,0.0,0.0,0.0,0.1734364261168385
2025-07-09 04:14:40,0.0,0.0,0.0,0.1507560137457045
2025-07-09 04:15:40,0.0,0.0,0.0,0.1569879518072289
2025-07-09 04:16:40,0.0,0.0,0.0,0.1642168674698795
2025-07-09 04:17:40,0.0,0.0,0.0,0.1714457831325301
2025-07-09 04:18:40,0.0,0.0,0.0,0.1786746987951807
2025-07-09 04:19:40,0.0,0.0,0.0,0.1859036144578313
2025-07-09 04:20:40,0.0,0.0,0.0,0.1931325301204819
2025-07-09 04:21:40,0.0,0.0,0.0,0.2003614457831325
2025-07-09 04:22:40,0.0,0.0,0.0,0.2075903614457831
2025-07-09 04:23:40,0.0,0.0,0.0,0.2148192771084337
2025-07-09 04:24:40,0.0,0.0,0.0,0.2156185567010309
2025-07-09 04:25:40,0.0,0.0,0.0,0.2001546391752577
2025-07-09 04:26:40,0.0,0.0,0.0,0.1846907216494845
2025-07-09 04:27:40,0.0,0.0,0.0,0.1692268041237113
2025-07-09 04:28:40,0.0,0.0,0.0,0.1537628865979381
2025-07-09 04:29:40,0.0,0.0,0.0,0.1382989690721649
2025-07-09 04:30:40,0.0,0.0,0.0,0.1228350515463917
2025-07-09 04:31:40,0.0,0.0,0.0,0.1073711340206186
2025-07-09 04:32:40,0.0,0.0,0.0,0.09190721649484536
2025-07-09 04:33:40,0.0,0.0,0.0,0.07644329896907216
2025-07-09 04:34:40,0.0,0.0,0.0,0.1692438563327032
2025-07-09 04:35:40,0.0,0.0,0.0,0.3393761814744801
2025-07-09 04:36:40,0.0,0.0,0.0,0.509508506616257
2025-07-09 04:37:40,0.0,0.0,0.0,0.679640831758034
2025-07-09 04:38:40,0.0,0.0,0.0,0.849773156899811
2025-07-09 04:39:40,0.0,0.0,0.0,1.019905482041588
2025-07-09 04:40:40,0.0,0.0,0.0,1.190037807183365
2025-07-09 04:41:40,0.0,0.0,0.0,1.360170132325142
2025-07-09 04:42:40,0.0,0.0,0.0,1.530302457466919
2025-07-09 04:43:40,0.0,0.0,0.0,1.588209982788296
2025-07-09 04:44:40,0.0,0.0,0.0,1.611962134251291
2025-07-09 04:45:40,0.0,0.0,0.0,1.635714285714286
2025-07-09 04:46:40,0.0,0.0,0.0,1.65946643717728
2025-07-09 04:47:40,0.0,0.0,0.0,1.683218588640275
2025-07-09 04:48:40,0.0,0.0,0.0,1.70697074010327
2025-07-09 04:49:40,0.0,0.0,0.0,1.730722891566265
2025-07-09 04:50:40,0.0,0.0,0.0,1.75447504302926
2025-07-09 04:51:40,0.0,0.0,0.0,1.778227194492255
2025-07-09 04:52:40,0.0,0.0,0.0,1.845169082125604
2025-07-09 04:53:40,0.0,0.0,0.0,2.38719806763285
2025-07-09 04:54:40,0.0,0.0,0.0,2.929227053140097
2025-07-09 04:55:40,0.0,0.0,0.0,3.471256038647343
2025-07-09 04:56:40,0.0,0.0,0.0,2.819253731343283
2025-07-09 04:57:40,0.0,0.0,0.0,2.853823529411764
2025-07-09 04:58:40,0.0,0.0,0.0,3.772222222222222
2025-07-09 04:59:40,0.0,0.0,0.0,4.038888888888889
2025-07-09 05:00:40,0.0,0.0,0.0,4.305555555555555
2025-07-09 05:01:40,0.0,0.06368330464716007,0.0,4.572222222222222
2025-07-09 05:02:40,0.0,0.1669535283993115,0.0,4.838888888888889
2025-07-09 05:03:40,0.0,0.270223752151463,0.0,5.105555555555555
2025-07-09 05:04:40,0.0,0.3734939759036144,0.0,5.370344827586207
2025-07-09 05:05:40,0.0,0.4767641996557659,0.006884681583476764,5.62896551724138
2025-07-09 05:06:40,0.0603448275862069,0.5800344234079173,0.1101549053356282,5.887586206896552
2025-07-09 05:07:40,0.1637931034482759,0.6833046471600688,0.2134251290877797,6.146206896551725
2025-07-09 05:08:40,0.2672413793103449,0.7865748709122202,0.3166953528399312,6.404827586206896
2025-07-09 05:09:40,0.3706896551724138,0.8898450946643718,0.4199655765920826,6.663448275862069
2025-07-09 05:10:40,0.4741379310344828,0.9931153184165232,0.5232358003442341,6.923704735376044
2025-07-09 05:11:40,0.5775862068965517,1.096385542168675,0.6265060240963856,7.186100278551532
2025-07-09 05:12:40,0.6810344827586207,1.199655765920826,0.729776247848537,7.448495821727019
2025-07-09 05:13:40,0.7844827586206896,1.302925989672978,0.8330464716006885,7.710891364902507
2025-07-09 05:14:40,0.8879310344827586,1.406196213425129,0.9363166953528399,7.973286908077995
2025-07-09 05:15:40,0.9913793103448276,1.509466437177281,1.039518900343643,8.235682451253483
2025-07-09 05:16:40,1.094501718213059,1.612736660929432,1.142611683848797,8.564931506849316
2025-07-09 05:17:40,1.197594501718213,1.716006884681583,1.245704467353952,8.975890410958906
2025-07-09 05:18:40,1.300687285223368,1.819277108433735,1.348797250859107,9.386849315068494
2025-07-09 05:19:40,1.403780068728523,1.922547332185886,1.451890034364261,9.797808219178084
2025-07-09 05:20:40,1.506872852233677,2.025773195876289,1.554982817869416,10.78
2025-07-09 05:21:40,1.609965635738832,2.128865979381443,1.658075601374571,11.585
2025-07-09 05:22:40,1.713058419243986,2.231958762886598,1.761168384879725,12.02428571428571
2025-07-09 05:23:40,1.816151202749141,2.335051546391753,1.86426116838488,12.46357142857143
2025-07-09 05:24:40,1.919243986254296,2.438144329896907,1.967353951890034,12.90285714285714
2025-07-09 05:25:40,2.0,2.541237113402062,2.070689655172414,13.35333333333333
2025-07-09 05:26:40,2.0,2.644329896907217,2.174137931034483,13.80787878787879
2025-07-09 05:27:40,2.0,2.747422680412372,2.277586206896552,14.26242424242424
2025-07-09 05:28:40,2.0,2.850515463917526,2.381034482758621,14.41945812807882
2025-07-09 05:29:40,2.0,2.953608247422681,2.48448275862069,14.18743842364532
2025-07-09 05:30:40,2.0,2.943298969072165,2.587931034482759,13.95541871921182
2025-07-09 05:31:40,2.0,2.84020618556701,2.691379310344828,13.72339901477832
2025-07-09 05:32:40,2.0,2.737113402061856,2.794827586206897,13.49137931034483
2025-07-09 05:33:40,2.0,2.634020618556701,2.898275862068965,13.25935960591133
2025-07-09 05:34:40,2.0,2.530927835051546,2.995959595959596,13.02733990147783
2025-07-09 05:35:40,1.944827586206896,2.427835051546392,2.753535353535354,12.43524590163934
2025-07-09 05:36:40,1.841379310344827,2.324742268041237,2.511111111111111,11.66311475409836
2025-07-09 05:37:40,1.737931034482759,2.221649484536082,2.268686868686869,10.91897058823529
2025-07-09 05:38:40,1.63448275862069,2.118556701030928,2.026262626262627,10.19102941176471
2025-07-09 05:39:40,1.531034482758621,2.015463917525773,1.783838383838384,9.576835443037975
2025-07-09 05:40:40,1.427586206896552,1.912371134020619,1.541414141414142,9.159113924050633
2025-07-09 05:41:40,1.324137931034483,1.809278350515464,1.298989898989899,8.74139240506329
2025-07-09 05:42:40,1.220689655172414,1.706185567010309,1.056565656565656,8.323670886075949
2025-07-09 05:43:40,1.117241379310345,1.603092783505154,1.079173838209983,8.175685840707965
2025-07-09 05:44:40,1.013793103448276,1.5,1.182444061962134,8.40533185840708
2025-07-09 05:45:40,1.089500860585198,1.396907216494845,1.285714285714286,8.634977876106197
2025-07-09 05:46:40,1.192771084337349,1.293814432989691,1.388984509466437,8.86462389380531
2025-07-09 05:47:40,1.296041308089501,1.190721649484536,1.492254733218588,9.094269911504426
2025-07-09 05:48:40,1.399311531841652,1.087628865979381,1.59552495697074,9.32391592920354
2025-07-09 05:49:40,1.502581755593804,1.01551724137931,1.698795180722891,9.553561946902656
2025-07-09 05:50:40,1.605851979345955,1.118965517241379,1.802065404475043,9.78320796460177
2025-07-09 05:51:40,1.709122203098107,1.222413793103448,1.905335628227194,10.31126506024096
2025-07-09 05:52:40,1.812392426850258,1.325862068965517,2.0,10.87873493975904
2025-07-09 05:53:40,1.915662650602409,1.429310344827586,2.0,11.32230769230769
2025-07-09 05:54:40,2.0,1.532758620689655,2.0,10.8278021978022
2025-07-09 05:55:40,2.0,1.636206896551724,2.0,10.3332967032967
2025-07-09 05:56:40,2.0,1.739655172413793,2.0,9.638064516129033
2025-07-09 05:57:40,2.0,1.843103448275862,2.0,9.757435897435897
2025-07-09 05:58:40,2.0,1.946551724137931,2.0,10.57360544217687
2025-07-09 05:59:40,2.0,2.0,2.0,11.24299319727891
2025-07-09 06:00:40,2.0,2.0,2.0,12.67666666666667
2025-07-09 06:01:40,2.0,2.0,2.0,11.10666666666667
2025-07-09 06:02:40,2.0,2.0,2.0,9.96072625698324
2025-07-09 06:03:40,2.0,2.0,2.0,9.434469273743016
2025-07-09 06:04:40,2.0,2.0,2.0,8.908212290502792
2025-07-09 06:05:40,2.0,2.0,2.0,9.728
2025-07-09 06:06:40,2.0,2.0,2.0,10.03886075949367
2025-07-09 06:07:40,2.0,2.0,2.0,9.659113924050633
2025-07-09 06:08:40,2.0,2.0,2.0,9.279367088607595
2025-07-09 06:09:40,2.0,2.0,2.0,8.899620253164557
2025-07-09 06:10:40,2.0,2.0,2.0,9.836849315068493
2025-07-09 06:11:40,2.0,2.0,2.0,9.25
2025-07-09 06:12:40,2.0,2.0,2.0,9.279112426035503
2025-07-09 06:13:40,2.0,2.0,2.0,9.86491124260355
2025-07-09 06:14:40,2.0,2.0,2.0,10.4507100591716
2025-07-09 06:15:40,2.0,2.0,2.0,10.3425
2025-07-09 06:16:40,2.0,2.0,2.0,9.5175
2025-07-09 06:17:40,2.0,2.0,2.0,9.086716417910448
2025-07-09 06:18:40,2.0,2.008620689655173,2.0,10.58732283464567
2025-07-09 06:19:40,2.0,2.112068965517242,2.0,11.33377952755906
2025-07-09 06:20:40,2.0,2.21551724137931,2.0,12.08023622047244
2025-07-09 06:21:40,2.0,2.318965517241379,2.0,13.03018691588785
2025-07-09 06:22:40,2.0,2.422413793103448,2.214417744916821,13.56163265306122
2025-07-09 06:23:40,2.019559902200489,2.525862068965517,2.436229205175601,12.68952380952381
2025-07-09 06:24:40,2.312958435207824,2.629310344827586,2.658040665434381,13.91809523809524
2025-07-09 06:25:40,2.606356968215159,2.732758620689655,2.879852125693161,12.46
2025-07-09 06:26:40,2.899755501222494,2.836206896551724,3.101663585951941,13.42692307692308
2025-07-09 06:27:40,3.193154034229829,2.939655172413793,3.323475046210721,14.19091428571429
2025-07-09 06:28:40,3.486552567237164,3.112866817155756,3.545286506469501,14.7292
2025-07-09 06:29:40,3.779951100244499,3.383747178329571,3.767097966728281,15.26748571428571
2025-07-09 06:30:40,4.07177033492823,3.654627539503386,3.988909426987061,17.9825
2025-07-09 06:31:40,4.358851674641149,3.925507900677201,4.28287841191067,17.59203125
2025-07-09 06:32:40,4.645933014354068,4.196388261851016,4.580645161290323,18.16139534883721
2025-07-09 06:33:40,4.933014354066986,4.467268623024831,4.878411910669976,17.96
2025-07-09 06:34:40,5.220095693779905,4.738148984198646,5.176178660049628,19.58322580645161
2025-07-09 06:35:40,5.507177033492823,5.016,5.473945409429281,22.35333333333334
2025-07-09 06:36:40,5.794258373205742,5.496,5.771712158808933,24.12644444444445
2025-07-09 06:37:40,5.921113689095128,5.976,5.933962264150943,27.788
2025-07-09 06:38:40,5.642691415313225,6.456,5.650943396226415,27.13493506493506
2025-07-09 06:39:40,5.364269141531322,6.936,5.367924528301887,30.2075
2025-07-09 06:40:40,5.085846867749419,5.869565217391305,5.084905660377359,30.28666666666667
2025-07-09 06:41:40,4.807424593967517,4.819004524886878,4.80188679245283,25.942
2025-07-09 06:42:40,4.529002320185615,4.276018099547511,4.518867924528302,27.67734693877551
2025-07-09 06:43:40,4.250580046403712,3.733031674208145,4.235849056603774,25.90183333333334
2025-07-09 06:44:40,4.130434782608695,3.190045248868778,4.0,19.52333333333333
2025-07-09 06:45:40,5.434782608695652,4.857142857142858,4.0,21.62416666666667
2025-07-09 06:46:40,5.674641148325358,4.901724137931034,4.0,22.089375
2025-07-09 06:47:40,5.100478468899521,4.798275862068966,4.0,22.60058823529412
2025-07-09 06:48:40,4.526315789473684,4.694827586206896,4.0,21.32691629955947
2025-07-09 06:49:40,3.991394148020654,4.591379310344827,4.0,20.87229074889868
2025-07-09 06:50:40,3.888123924268502,4.487931034482759,4.0,20.41766519823788
2025-07-09 06:51:40,3.784853700516351,4.38448275862069,4.0,19.96303964757709
2025-07-09 06:52:40,3.6815834767642,4.281034482758621,4.0,20.0304347826087
2025-07-09 06:53:40,3.578313253012048,4.177586206896551,4.0,18.95684210526316
2025-07-09 06:54:40,3.475043029259897,4.074137931034483,4.0,19.86210526315789
2025-07-09 06:55:40,3.371772805507745,4.0,4.0,19.13272727272727
2025-07-09 06:56:40,3.268502581755594,4.0,4.0,16.35537313432836
2025-07-09 06:57:40,3.165232358003442,4.0,4.0,15.54067669172932
2025-07-09 06:58:40,3.061962134251291,4.0,4.0,16.21736842105263
2025-07-09 06:59:40,3.121212121212121,4.0,4.0,18.16
2025-07-09 07:00:40,3.424242424242424,4.0,4.0,15.81666666666667
2025-07-09 07:01:40,3.727272727272728,4.0,4.0,16.91666666666666
2025-07-09 07:02:40,4.03030303030303,4.0,4.0,13.59777777777778
2025-07-09 07:03:40,4.333333333333333,4.0,4.0,17.20103448275862
2025-07-09 07:04:40,4.636363636363636,4.0,4.201716738197425,18.3860396039604
2025-07-09 07:05:40,4.939393939393939,4.169576059850374,4.459227467811159,18.56767857142857
2025-07-09 07:06:40,4.225806451612903,4.468827930174563,4.716738197424893,16.826
2025-07-09 07:07:40,3.258064516129032,4.768079800498753,4.974248927038627,15.83442105263158
2025-07-09 07:08:40,3.624113475177305,5.067331670822942,5.23175965665236,17.62
2025-07-09 07:09:40,4.475177304964539,5.366583541147132,5.489270386266094,19.55584415584416
2025-07-09 07:10:40,5.039655172413793,5.665835411471321,5.746781115879828,20.96845070422535
2025-07-09 07:11:40,5.143103448275863,5.965087281795511,5.989010989010989,24.09389610389611
2025-07-09 07:12:40,5.246551724137931,5.383720930232558,5.329670329670329,25.37181818181818
2025-07-09 07:13:40,5.35,4.686046511627907,4.67032967032967,23.95
2025-07-09 07:14:40,5.453448275862069,4.006269592476489,4.010989010989011,20.58153846153846
2025-07-09 07:15:40,5.556896551724138,4.382445141065831,4.462745098039216,17.67684210526316
2025-07-09 07:16:40,5.660344827586207,4.758620689655173,4.933333333333334,18.13324324324324
2025-07-09 07:17:40,5.763793103448275,5.134796238244514,5.403921568627451,18.86297297297297
2025-07-09 07:18:40,5.867241379310345,5.510971786833856,5.874509803921569,23.51473684210526
2025-07-09 07:19:40,5.970689655172414,5.887147335423197,6.215158924205379,23.07535714285714
2025-07-09 07:20:40,6.270440251572327,6.24,6.508557457212714,24.91521739130435
2025-07-09 07:21:40,6.647798742138365,6.582857142857143,6.801955990220049,27.48025974025974
2025-07-09 07:22:40,7.025157232704403,6.925714285714285,7.095354523227384,25.32666666666667
2025-07-09 07:23:40,7.40251572327044,7.268571428571429,7.388753056234719,25.88650602409639
2025-07-09 07:24:40,7.779874213836478,7.611428571428571,7.682151589242054,27.85289473684211
2025-07-09 07:25:40,7.880668257756564,7.954285714285715,7.975550122249389,33.10871794871795
2025-07-09 07:26:40,7.594272076372316,7.730569948186528,7.717223650385604,34.98
2025-07-09 07:27:40,7.307875894988068,7.419689119170984,7.408740359897172,32.11298245614035
2025-07-09 07:28:40,7.021479713603819,7.10880829015544,7.10025706940874,34.18888888888889
2025-07-09 07:29:40,6.735083532219571,6.797927461139896,6.791773778920309,38.34677419354839
2025-07-09 07:30:40,6.448687350835322,6.487046632124352,6.483290488431876,35.31
2025-07-09 07:31:40,6.162291169451074,6.176165803108808,6.174807197943444,31.00444444444445
2025-07-09 07:32:40,5.717391304347826,5.702857142857143,5.702857142857143,24.6247619047619
2025-07-09 07:33:40,5.065217391304348,5.017142857142857,5.017142857142857,26.73666666666667
2025-07-09 07:34:40,4.413043478260869,4.331428571428571,4.331428571428571,22.28
2025-07-09 07:35:40,4.265060240963855,4.342541436464089,4.348314606741573,20.68803738317757
2025-07-09 07:36:40,4.987951807228916,5.005524861878453,5.022471910112359,21.61327102803738
2025-07-09 07:37:40,5.710843373493976,5.668508287292818,5.696629213483146,22.9875
2025-07-09 07:38:40,5.586206896551724,5.63855421686747,5.609467455621302,26.59666666666667
2025-07-09 07:39:40,4.896551724137931,4.915662650602409,4.899408284023669,28.43677419354839
2025-07-09 07:40:40,4.206896551724138,4.192771084337349,4.189349112426036,22.55666666666666
2025-07-09 07:41:40,4.79245283018868,4.792792792792793,4.792792792792793,16.91428571428571
2025-07-09 07:42:40,5.924528301886792,5.873873873873874,5.873873873873874,22.98333333333333
2025-07-09 07:43:40,5.370786516853933,5.383720930232558,5.383720930232558,29.49333333333333
2025-07-09 07:44:40,4.696629213483146,4.686046511627907,4.686046511627907,23.38905660377359
2025-07-09 07:45:40,4.022471910112359,4.01015228426396,4.010309278350515,19.63666666666667
2025-07-09 07:46:40,4.617021276595745,4.619289340101523,4.628865979381443,20.98352112676056
2025-07-09 07:47:40,5.25531914893617,5.228426395939087,5.247422680412371,21.61732394366197
2025-07-09 07:48:40,5.893617021276595,5.83756345177665,5.865979381443299,22.43
2025-07-09 07:49:40,5.811676082862523,5.832380952380952,5.821292775665399,25.86428571428571
2025-07-09 07:50:40,5.585687382297552,5.603809523809524,5.593155893536122,26.72142857142857
2025-07-09 07:51:40,5.35969868173258,5.375238095238095,5.365019011406845,27.67431034482759
2025-07-09 07:52:40,5.133709981167609,5.146666666666667,5.136882129277567,24.14837837837838
2025-07-09 07:53:40,4.907721280602637,4.918095238095238,4.90874524714829,24.11666666666667
2025-07-09 07:54:40,4.681732580037665,4.689523809523809,4.680608365019012,23.43727272727273
2025-07-09 07:55:40,4.455743879472693,4.460952380952381,4.452471482889734,22.85777777777778
2025-07-09 07:56:40,4.229755178907721,4.232380952380952,4.224334600760456,22.51870967741936
2025-07-09 07:57:40,4.003766478342749,4.003809523809524,4.027397260273973,19.715
2025-07-09 07:58:40,5.761194029850746,5.661971830985916,5.671232876712329,23.28
2025-07-09 07:59:40,6.248210023866348,6.229116945107399,6.229116945107399,23.75
2025-07-09 08:00:40,6.534606205250596,6.515513126491647,6.515513126491647,24.54666666666667
2025-07-09 08:01:40,6.821002386634844,6.801909307875895,6.801909307875895,26.64833333333333
2025-07-09 08:02:40,7.107398568019093,7.088305489260143,7.088305489260143,28.29016129032258
2025-07-09 08:03:40,7.393794749403341,7.374701670644392,7.374701670644392,24.70261363636364
2025-07-09 08:04:40,7.680190930787589,7.661097852028639,7.661097852028639,23.68510638297872
2025-07-09 08:05:40,7.966587112171838,7.947494033412887,7.947494033412887,30.20384615384615
2025-07-09 08:06:40,8.883333333333333,8.80327868852459,8.816666666666666,36.20142857142857
2025-07-09 08:07:40,9.883333333333333,9.78688524590164,9.816666666666666,38.52538461538462
2025-07-09 08:08:40,8.290322580645162,7.870967741935484,8.07843137254902,35.5078947368421
2025-07-09 08:09:40,7.15,5.982905982905983,6.033898305084746,29.7165306122449
2025-07-09 08:10:40,6.15,5.47008547008547,5.489177489177489,29.053
2025-07-09 08:11:40,5.912220309810671,4.957264957264957,4.96969696969697,24.41289473684211
2025-07-09 08:12:40,5.80895008605852,4.444444444444445,4.45021645021645,23.22868421052631
2025-07-09 08:13:40,5.705679862306368,4.372093023255814,4.4,20.06
2025-07-09 08:14:40,5.602409638554217,5.95697074010327,5.951807228915663,25.15
2025-07-09 08:15:40,5.499139414802066,5.853700516351119,5.848537005163512,23.89146341463415
2025-07-09 08:16:40,5.395869191049915,5.750430292598968,5.74526678141136,24.88928571428571
2025-07-09 08:17:40,5.292598967297763,5.647160068846817,5.641996557659209,22.98
2025-07-09 08:18:40,5.189328743545611,5.543889845094665,5.538726333907058,20.73
2025-07-09 08:19:40,5.086058519793459,5.440619621342513,5.435456110154906,22.20909090909091
2025-07-09 08:20:40,5.208333333333333,5.337349397590362,5.332185886402755,21.4488
2025-07-09 08:21:40,6.458333333333333,5.234079173838211,5.228915662650603,25.21259259259259
2025-07-09 08:22:40,5.9375,5.130808950086059,5.125645438898451,24.26615384615385
2025-07-09 08:23:40,5.165745856353591,5.027538726333908,5.022375215146299,23.10622641509434
2025-07-09 08:24:40,5.497237569060774,5.269938650306749,5.291925465838509,23.3730303030303
2025-07-09 08:25:40,5.828729281767956,5.638036809815951,5.664596273291925,22.35484848484849
2025-07-09 08:26:40,6.160220994475138,6.006134969325153,6.037267080745342,22.61095238095238
2025-07-09 08:27:40,6.49171270718232,6.374233128834356,6.409937888198758,24.06931623931624
2025-07-09 08:28:40,6.823204419889503,6.742331288343558,6.782608695652174,25.0282905982906
2025-07-09 08:29:40,6.434343434343434,6.55,6.444444444444445,24.44988505747126
2025-07-09 08:30:40,5.222222222222222,5.05,5.111111111111111,22.60222222222222
2025-07-09 08:31:40,5.192913385826771,5.099827882960413,5.094664371772805,21.44
2025-07-09 08:32:40,5.429133858267717,5.203098106712564,5.197934595524957,20.84
2025-07-09 08:33:40,5.665354330708661,5.306368330464715,5.301204819277108,20.905
2025-07-09 08:34:40,5.901574803149606,5.409638554216866,5.404475043029259,21.97314136125654
2025-07-09 08:35:40,6.137795275590551,5.512908777969018,5.50774526678141,21.47994764397906
2025-07-09 08:36:40,6.374015748031496,5.61617900172117,5.611015490533562,20.98675392670157
2025-07-09 08:37:40,6.610236220472441,5.719449225473321,5.714285714285714,20.58173913043478
2025-07-09 08:38:40,6.846456692913386,5.822719449225473,5.817555938037866,23.40521739130435
2025-07-09 08:39:40,7.130434782608695,5.925989672977624,5.920826161790017,26.74069767441861
2025-07-09 08:40:40,7.503105590062112,6.176165803108808,6.148936170212766,25.53935483870968
2025-07-09 08:41:40,7.875776397515528,6.797927461139897,6.787234042553191,26.39666666666666
2025-07-09 08:42:40,8.248447204968944,7.419689119170984,7.425531914893616,26.12142857142857
2025-07-09 08:43:40,8.62111801242236,8.0,8.0,31.38754385964912
2025-07-09 08:44:40,8.993788819875776,8.0,8.0,33.02041095890411
2025-07-09 08:45:40,8.51440329218107,8.0,8.0,34.37657534246575
2025-07-09 08:46:40,8.020576131687243,8.0,8.0,32.10508196721312
2025-07-09 08:47:40,7.526748971193416,8.0,8.0,33.472
2025-07-09 08:48:40,7.032921810699588,8.0,8.0,29.61333333333333
2025-07-09 08:49:40,7.398576512455516,8.0,8.0,27.695
2025-07-09 08:50:40,7.825622775800712,8.0,8.0,27.72
2025-07-09 08:51:40,8.252669039145907,8.0,8.0,30.43118644067797
2025-07-09 08:52:40,8.679715302491102,8.0,8.0,31.07444444444445
2025-07-09 08:53:40,9.202702702702704,8.345323741007194,8.345323741007194,34.14881188118812
2025-07-09 08:54:40,10.01351351351351,9.20863309352518,9.20863309352518,35.25970297029703
2025-07-09 08:55:40,10.82432432432432,10.14285714285714,10.14285714285714,40.40461538461538
2025-07-09 08:56:40,12.54098360655738,11.85714285714286,11.85714285714286,45.12666666666667
2025-07-09 08:57:40,14.48387096774194,13.80327868852459,13.80327868852459,52.845
2025-07-09 08:58:40,11.13888888888889,10.26666666666667,10.55555555555556,43.50916666666667
2025-07-09 08:59:40,12.80555555555556,12.7741935483871,12.88888888888889,49.99666666666667
2025-07-09 09:00:40,13.67796610169492,13.52325581395349,13.56937799043062,56.90459459459459
2025-07-09 09:01:40,14.61290322580645,12.82558139534884,12.99521531100478,57.75
2025-07-09 09:02:40,13.65420560747664,12.12790697674419,12.42105263157895,52.54697674418605
2025-07-09 09:03:40,14.77570093457944,13.78181818181818,13.45454545454546,53.59
2025-07-09 09:04:40,11.66666666666667,11.44444444444444,11.36,47.17166666666667
2025-07-09 09:05:40,11.6625,10.70676691729323,10.66666666666667,46.71513513513514
2025-07-09 09:06:40,12.4125,11.60902255639098,11.5968992248062,48.06243243243243
2025-07-09 09:07:40,13.41935483870968,12.91891891891892,12.91891891891892,51.86560975609756
2025-07-09 09:08:40,15.78571428571429,15.21212121212121,15.29032258064516,61.60333333333333
2025-07-09 09:09:40,16.65873015873016,17.51612903225806,17.63333333333333,70.2796
2025-07-09 09:10:40,16.18253968253968,16.73239436619718,16.69333333333334,67.2732558139535
2025-07-09 09:11:40,15.70634920634921,17.38775510204082,17.38775510204082,68.06666666666666
2025-07-09 09:12:40,15.23015873015873,16.52459016393443,16.52459016393443,68.98181818181818
2025-07-09 09:13:40,14.55072463768116,15.04166666666667,15.0,60.50357142857143
2025-07-09 09:14:40,13.68115942028986,14.31818181818182,14.42553191489362,61.28
2025-07-09 09:15:40,14.85714285714286,15.08163265306122,15.08695652173913,60.14166666666667
2025-07-09 09:16:40,17.22448979591837,16.30612244897959,16.37113402061856,70.0411111111111
2025-07-09 09:17:40,18.44897959183674,17.53061224489796,17.60824742268041,68.55625
2025-07-09 09:18:40,19.70967741935484,18.91358024691358,19.0379746835443,74.88088235294117
2025-07-09 09:19:40,21.0,19.21951219512195,19.06382978723404,78.93249999999999
2025-07-09 09:20:40,18.26126126126126,17.3859649122807,17.36936936936937,76.39866666666667
2025-07-09 09:21:40,17.18018018018018,16.33333333333333,16.28828828828829,69.67
2025-07-09 09:22:40,17.88,16.70967741935484,16.78787878787879,73.07428571428571
2025-07-09 09:23:40,14.47368421052632,14.82222222222222,14.76744186046512,59.235
2025-07-09 09:24:40,13.68421052631579,15.63157894736842,15.63157894736842,63.11785714285714
2025-07-09 09:25:40,13.34782608695652,14.73417721518987,14.73417721518987,53.82583333333334
2025-07-09 09:26:40,14.38888888888889,15.31034482758621,15.31034482758621,64.26615384615384
2025-07-09 09:27:40,13.16,13.0,13.03529411764706,55.2530612244898
2025-07-09 09:28:40,14.12,13.2258064516129,13.28,54.19
2025-07-09 09:29:40,14.78723404255319,12.98947368421053,12.95918367346939,60.00444444444445
2025-07-09 09:30:40,13.15450643776824,12.14525139664804,12.14525139664804,49.4215625
2025-07-09 09:31:40,13.66952789699571,12.81564245810056,12.81564245810056,50.27333333333333
2025-07-09 09:32:40,14.18454935622318,13.48603351955307,13.48603351955307,48.66467741935484
2025-07-09 09:33:40,14.69957081545064,13.80281690140845,13.79856115107914,57.78717391304348
2025-07-09 09:34:40,13.78048780487805,12.95774647887324,12.93525179856115,57.72724137931035
2025-07-09 09:35:40,12.03296703296703,12.11267605633803,12.07194244604317,52.24674418604651
2025-07-09 09:36:40,11.63414634146342,13.0,13.05769230769231,46.09769230769231
2025-07-09 09:37:40,13.62745098039216,13.91397849462366,13.88359788359788,56.80736842105263
2025-07-09 09:38:40,14.80392156862745,13.26881720430108,13.24867724867725,57.910625
2025-07-09 09:39:40,13.68421052631579,12.6236559139785,12.61375661375661,60.95
2025-07-09 09:40:40,13.7906976744186,12.19047619047619,12.19047619047619,53.80578947368421
2025-07-09 09:41:40,14.60975609756098,13.03529411764706,13.03529411764706,58.385
2025-07-09 09:42:40,14.25581395348837,13.23076923076923,13.23076923076923,54.55136363636364
2025-07-09 09:43:40,15.4559585492228,15.72413793103448,15.85185185185185,62.47333333333334
2025-07-09 09:44:40,16.07772020725389,15.50943396226415,15.49090909090909,61.45434782608695
2025-07-09 09:45:40,16.69948186528497,14.94339622641509,14.94545454545455,63.64767441860465
2025-07-09 09:46:40,16.0,14.37735849056604,14.4,64.50235294117647
2025-07-09 09:47:40,13.26666666666667,12.33333333333333,14.42105263157895,52.17333333333333
2025-07-09 09:48:40,15.57627118644068,15.80487804878049,16.0,62.27076923076923
2025-07-09 09:49:40,16.59322033898305,14.70967741935484,14.58333333333333,60.59290322580645
2025-07-09 09:50:40,18.8,17.81818181818182,18.16666666666667,71.55
2025-07-09 09:51:40,19.69387755102041,18.72727272727273,18.68965517241379,78.79352941176471
2025-07-09 09:52:40,18.93103448275862,17.91304347826087,18.06521739130435,73.7875
2025-07-09 09:53:40,20.16831683168317,19.2967032967033,19.3695652173913,73.01666666666667
2025-07-09 09:54:40,19.71428571428572,18.72727272727273,18.68085106382979,79.99769230769232
2025-07-09 09:55:40,17.27586206896552,16.55737704918033,16.55737704918033,69.00500000000001
2025-07-09 09:56:40,15.74698795180723,14.8974358974359,14.925,68.685
2025-07-09 09:57:40,16.45,15.51515151515152,15.48387096774194,60.12166666666666
2025-07-09 09:58:40,19.27586206896552,18.41176470588235,18.41176470588235,75.27333333333334
2025-07-09 09:59:40,16.01204819277108,15.17391304347826,15.14606741573034,64.83910447761194
2025-07-09 10:00:40,15.73469387755102,14.35294117647059,14.48648648648649,60.18705882352941
2025-07-09 10:01:40,17.34939759036144,17.30612244897959,16.38787878787879,66.63166666666666
2025-07-09 10:02:40,18.07228915662651,16.51923076923077,17.11515151515151,65.81875000000001
2025-07-09 10:03:40,18.79518072289157,17.67307692307692,17.84242424242424,67.48833333333333
2025-07-09 10:04:40,22.77142857142857,22.0,22.0,84.42923076923077
2025-07-09 10:05:40,18.31343283582089,17.41176470588235,17.41176470588235,73.055
2025-07-09 10:06:40,16.21951219512195,15.64179104477612,15.64179104477612,62.20967741935484
2025-07-09 10:07:40,13.65384615384615,14.06849315068493,14.06849315068493,57.394
2025-07-09 10:08:40,15.05687203791469,14.89041095890411,14.89041095890411,61.22177215189873
2025-07-09 10:09:40,15.34123222748815,15.71232876712329,15.71232876712329,62.92303797468355
2025-07-09 10:10:40,15.62559241706161,14.40816326530612,14.40816326530612,60.679
2025-07-09 10:11:40,15.90995260663507,14.51813471502591,14.51813471502591,61.16999999999999
2025-07-09 10:12:40,16.19431279620853,15.139896373057,15.139896373057,59.08813953488372
2025-07-09 10:13:40,16.47867298578199,15.76165803108808,15.76165803108808,56.91333333333333
2025-07-09 10:14:40,16.76303317535545,14.18181818181818,14.18181818181818,58.48277777777778
2025-07-09 10:15:40,18.33333333333333,17.66666666666667,17.66666666666667,70.84333333333333
2025-07-09 10:16:40,14.475,13.625,13.625,58.3775
2025-07-09 10:17:40,13.01626016260163,12.125,12.125,52.94166666666666
2025-07-09 10:18:40,13.99186991869919,12.99099099099099,12.99099099099099,53.0265625
2025-07-09 10:19:40,14.96747967479675,13.84,13.84,56.36333333333334
2025-07-09 10:20:40,11.94117647058824,11.70212765957447,11.71428571428571,47.50333333333334
2025-07-09 10:21:40,10.20720720720721,10.42553191489362,10.48979591836735,43.81083333333333
2025-07-09 10:22:40,9.126126126126126,10.42553191489362,10.39130434782609,39.33615384615385
2025-07-09 10:23:40,11.41666666666667,11.06382978723404,11.04347826086957,44.465
2025-07-09 10:24:40,12.41666666666667,11.70212765957447,11.69565217391304,41.92333333333333
2025-07-09 10:25:40,12.58333333333333,11.53956834532374,11.53956834532374,46.36658536585366
2025-07-09 10:26:40,11.58333333333333,10.67625899280575,10.67625899280575,47.00551020408163
2025-07-09 10:27:40,11.89285714285714,10.65,10.68421052631579,43.23857142857143
2025-07-09 10:28:40,11.55,11.12,11.1566265060241,47.215
2025-07-09 10:29:40,11.784,10.40449438202247,10.28915662650602,39.67
2025-07-09 10:30:40,12.744,11.75280898876404,11.73493975903614,44.67666666666667
2025-07-09 10:31:40,11.42857142857143,11.25757575757576,11.26865671641791,46.182
2025-07-09 10:32:40,12.40740740740741,10.34848484848485,10.37313432835821,46.11225806451613
2025-07-09 10:33:40,12.54716981132075,11.64444444444444,11.62790697674419,43.34
2025-07-09 10:34:40,13.63576158940397,12.7027027027027,12.71232876712329,46.32075949367088
2025-07-09 10:35:40,14.43046357615894,13.51351351351351,13.53424657534246,49.18
2025-07-09 10:36:40,14.72357723577236,13.64963503649635,13.63120567375887,53.87183673469388
2025-07-09 10:37:40,13.7479674796748,12.77372262773723,12.78014184397163,54.31466666666667
2025-07-09 10:38:40,13.60869565217391,12.35897435897436,12.29411764705882,48.24555555555555
2025-07-09 10:39:40,14.39130434782609,13.50442477876106,13.48333333333333,53.82
2025-07-09 10:40:40,13.08695652173913,12.44247787610619,12.48333333333333,50.62360655737705
2025-07-09 10:41:40,10.56756756756757,10.13483146067416,10.13483146067416,43.813125
2025-07-09 10:42:40,9.333333333333334,11.48314606741573,11.48314606741573,39.06133333333334
2025-07-09 10:43:40,12.23456790123457,12.33333333333333,12.3394495412844,47.00530303030303
2025-07-09 10:44:40,13.35802469135803,12.87387387387387,12.88990825688073,48.36888888888888
2025-07-09 10:45:40,14.09876543209877,13.41441441441441,13.44036697247706,46.93441558441558
2025-07-09 10:46:40,14.83950617283951,13.95495495495495,13.99082568807339,52.51166666666667
2025-07-09 10:47:40,13.32142857142857,14.0,14.0,55.01
2025-07-09 10:48:40,14.64516129032258,14.03252032520325,14.04705882352941,53.64
2025-07-09 10:49:40,15.8448275862069,15.00813008130081,15.45882352941176,56.88416666666667
2025-07-09 10:50:40,16.87931034482759,15.98373983739837,17.29824561403509,61.03465116279069
2025-07-09 10:51:40,20.95,19.85454545454546,19.88034188034188,76.54666666666667
2025-07-09 10:52:40,19.36842105263158,18.18181818181818,18.85470085470086,72.47578947368422
2025-07-09 10:53:40,20.42105263157895,19.39393939393939,18.55555555555556,71.31888888888889
2025-07-09 10:54:40,22.58823529411765,21.90697674418605,21.9,82.55416666666666
2025-07-09 10:55:40,18.86666666666667,18.19047619047619,18.16666666666667,71.18333333333334
2025-07-09 10:56:40,15.8641975308642,16.60240963855422,16.60240963855422,67.19
2025-07-09 10:57:40,16.66666666666667,16.48275862068965,16.48275862068965,62.81666666666667
2025-07-09 10:58:40,17.99099099099099,17.31034482758621,17.31034482758621,65.57122448979592
2025-07-09 10:59:40,18.88235294117647,17.75903614457831,17.76744186046512,70.46833333333333
2025-07-09 11:00:40,17.11764705882353,16.31325301204819,16.37209302325581,68.0732075471698
2025-07-09 11:01:40,15.025,14.45901639344262,14.48275862068965,61.34629629629629
2025-07-09 11:02:40,16.525,15.5593220338983,15.5593220338983,59.72064516129033
2025-07-09 11:03:40,17.85416666666667,16.95918367346939,16.98947368421053,67.24249999999999
2025-07-09 11:04:40,18.74358974358974,17.73529411764706,17.7,74.9
2025-07-09 11:05:40,17.3312101910828,16.02105263157895,16.2,66.9387341772152
2025-07-09 11:06:40,18.09554140127388,17.28421052631579,17.3,68.41974683544305
2025-07-09 11:07:40,18.85987261146497,18.83870967741936,19.06666666666667,73.32744186046511
2025-07-09 11:08:40,21.58064516129032,21.41176470588235,21.64102564102564,85.76888888888888
2025-07-09 11:09:40,23.59259259259259,23.16279069767442,23.24705882352941,90.30703703703703
2025-07-09 11:10:40,27.44444444444444,26.44444444444444,26.66666666666667,107.3633333333333
2025-07-09 11:11:40,32.0188679245283,30.96428571428572,30.96428571428572,130.5861904761905
2025-07-09 11:12:40,21.4,21.2,21.2,83.88499999999999
2025-07-09 11:13:40,16.97777777777778,18.08571428571429,18.08571428571429,68.12326530612245
2025-07-09 11:14:40,24.19354838709678,23.20338983050847,23.31034482758621,91.915
2025-07-09 11:15:40,26.22222222222222,25.4,25.59459459459459,98.08333333333333
2025-07-09 11:16:40,29.76623376623377,28.78313253012048,28.70114942528735,116.1357142857143
2025-07-09 11:17:40,28.20779220779221,27.33734939759036,27.32183908045977,111.3766666666667
2025-07-09 11:18:40,25.4453781512605,24.5,24.5609756097561,97.4038202247191
2025-07-09 11:19:40,24.43697478991596,23.53225806451613,23.58536585365854,96.09595505617978
2025-07-09 11:20:40,22.71698113207547,22.06896551724138,22.1864406779661,90.76272727272726
2025-07-09 11:21:40,19.41666666666667,18.76470588235294,18.93548387096774,76.925
2025-07-09 11:22:40,16.46428571428572,15.90909090909091,15.90909090909091,67.10777777777778
2025-07-09 11:23:40,14.42696629213483,13.57142857142857,13.79310344827586,57.59066666666666
2025-07-09 11:24:40,15.7752808988764,14.84,14.94736842105263,59.55333333333333
2025-07-09 11:25:40,14.36065573770492,14.25333333333333,14.81308411214953,58.46444444444445
2025-07-09 11:26:40,13.09259259259259,13.45333333333333,13.69158878504673,57.28837837837838
2025-07-09 11:27:40,12.04081632653061,12.64625850340136,12.68055555555556,48.67166666666667
2025-07-09 11:28:40,13.60655737704918,11.82993197278912,11.84722222222222,54.18
2025-07-09 11:29:40,11.58490566037736,11.01360544217687,11.01388888888889,45.496
2025-07-09 11:30:40,10.20111731843575,9.079470198675496,9.08108108108108,37.28
2025-07-09 11:31:40,10.87150837988827,9.874172185430464,9.891891891891891,39.22000000000001
2025-07-09 11:32:40,11.54189944134078,10.66887417218543,10.7027027027027,42.1641935483871
2025-07-09 11:33:40,11.02564102564103,11.80459770114943,11.84444444444444,45.48714285714286
2025-07-09 11:34:40,14.75,14.33333333333333,15.0,57.43333333333333
2025-07-09 11:35:40,13.93548387096774,13.16393442622951,13.23529411764706,54.74
2025-07-09 11:36:40,11.51219512195122,11.66666666666667,11.73333333333333,48.62027027027027
2025-07-09 11:37:40,10.53658536585366,11.34782608695652,11.3265306122449,46.74666666666667
2025-07-09 11:38:40,11.45945945945946,11.72222222222222,12.2093023255814,43.59333333333333
2025-07-09 11:39:40,13.08695652173913,12.55555555555556,13.61904761904762,46.21755555555556
2025-07-09 11:40:40,14.45569620253165,14.86666666666667,14.86666666666667,57.93117647058823
2025-07-09 11:41:40,15.9746835443038,14.86206896551724,14.74193548387097,59.33888888888889
2025-07-09 11:42:40,14.39506172839506,13.375,13.4,54.77714285714286
2025-07-09 11:43:40,15.87654320987654,14.29896907216495,14.27272727272727,59.14478260869565
2025-07-09 11:44:40,14.07725321888412,13.06185567010309,13.06060606060606,53.52833333333334
2025-07-09 11:45:40,14.59227467811159,13.58762886597938,13.59685863874346,52.32333333333333
2025-07-09 11:46:40,15.10729613733906,14.20618556701031,14.22513089005236,54.04
2025-07-09 11:47:40,15.62231759656652,14.82474226804124,14.85340314136126,56.96333333333333
2025-07-09 11:48:40,16.94117647058824,16.75510204081633,16.76923076923077,64.9
2025-07-09 11:49:40,17.08695652173913,16.02702702702703,16.02702702702703,68.27509433962264
2025-07-09 11:50:40,15.1304347826087,15.12765957446809,15.13953488372093,60.64285714285715
2025-07-09 11:51:40,19.27272727272727,19.08510638297872,19.08,74.27463414634147
2025-07-09 11:52:40,23.38461538461538,22.71428571428572,22.76,89.36
2025-07-09 11:53:40,18.83636363636364,18.55862068965517,19.725,74.28214285714286
2025-07-09 11:54:40,19.2112676056338,17.73103448275862,20.58139534883721,79.38714285714286
2025-07-09 11:55:40,16.21052631578947,16.06666666666667,16.06666666666667,64.36444444444444
2025-07-09 11:56:40,12.0,11.8125,11.91428571428571,49.48
2025-07-09 11:57:40,11.00826446280992,10.27131782945736,11.34920634920635,45.4553488372093
2025-07-09 11:58:40,10.01652892561983,9.34108527131783,11.82539682539683,42.189
2025-07-09 11:59:40,12.01587301587302,11.10752688172043,12.3015873015873,47.555
2025-07-09 12:00:40,12.96825396825397,12.39784946236559,12.77777777777778,46.74470588235294
2025-07-09 12:01:40,13.92063492063492,13.39506172839506,13.41558441558442,52.69689655172414
2025-07-09 12:02:40,13.38202247191011,14.1358024691358,14.19480519480519,50.225
2025-07-09 12:03:40,12.70786516853933,14.87654320987654,14.97402597402597,56.74
2025-07-09 12:04:40,12.03370786516854,12.45454545454546,12.48275862068965,48.38
2025-07-09 12:05:40,9.72972972972973,9.4,9.64,39.64555555555555
2025-07-09 12:06:40,8.823529411764707,9.666666666666666,9.654088050314465,33.76877551020408
2025-07-09 12:07:40,10.57142857142857,10.39393939393939,10.40880503144654,38.15
2025-07-09 12:08:40,12.19047619047619,12.66666666666667,12.73333333333333,48.80333333333333
2025-07-09 12:09:40,13.33333333333333,11.24242424242424,11.31884057971014,45.81130434782608
2025-07-09 12:10:40,15.90243902439024,15.48717948717949,16.68,60.5819512195122
2025-07-09 12:11:40,15.41463414634146,16.93333333333333,15.72727272727273,61.87333333333333
2025-07-09 12:12:40,14.92682926829268,14.79054054054054,14.81081081081081,56.71240963855421
2025-07-09 12:13:40,14.4390243902439,14.38513513513514,14.40540540540541,55.62807228915663
2025-07-09 12:14:40,13.94418604651163,13.97972972972973,14.0,53.93463087248322
2025-07-09 12:15:40,13.38604651162791,13.57432432432432,13.59459459459459,53.30241610738255
2025-07-09 12:16:40,12.82790697674419,13.16891891891892,13.18918918918919,52.67020134228188
2025-07-09 12:17:40,12.26976744186046,12.09090909090909,12.32631578947368,49.68469387755102
2025-07-09 12:18:40,12.24603174603175,11.30252100840336,11.06315789473684,45.91760683760683
2025-07-09 12:19:40,12.72222222222222,12.3109243697479,12.2,46.72786324786325
2025-07-09 12:20:40,13.1984126984127,13.26206896551724,13.30985915492958,49.936
2025-07-09 12:21:40,13.67460317460317,14.08965517241379,14.15492957746479,47.6016
2025-07-09 12:22:40,13.525,14.91724137931035,15.0,56.36
2025-07-09 12:23:40,12.025,11.74074074074074,11.90322580645161,47.88888888888889
2025-07-09 12:24:40,10.62790697674419,10.07407407407407,10.14018691588785,43.054
2025-07-09 12:25:40,9.562913907284768,8.970588235294118,9.018691588785046,38.32857142857143
2025-07-09 12:26:40,8.7682119205298,8.088235294117647,8.112781954887218,37.47142857142857
2025-07-09 12:27:40,8.05,7.205882352941177,7.210526315789473,33.60916666666667
2025-07-09 12:28:40,9.55,8.586206896551724,8.586206896551724,31.21
2025-07-09 12:29:40,12.20740740740741,11.44444444444444,11.44444444444444,44.68272727272727
2025-07-09 12:30:40,13.0962962962963,12.27777777777778,12.27777777777778,44.58111111111111
2025-07-09 12:31:40,13.98518518518519,13.48484848484848,13.51612903225806,51.86857142857143
2025-07-09 12:32:40,17.69105691056911,16.68493150684931,16.66216216216216,67.51666666666667
2025-07-09 12:33:40,16.71544715447154,15.86301369863014,15.85135135135135,66.46142857142857
2025-07-09 12:34:40,15.21951219512195,15.04109589041096,15.04054054054054,59.6325
2025-07-09 12:35:40,11.26666666666667,11.12903225806452,11.12903225806452,45.34399999999999
2025-07-09 12:36:40,11.3015873015873,10.21739130434783,10.30232558139535,39.116
2025-07-09 12:37:40,10.05128205128205,11.72413793103448,11.81818181818182,41.39333333333334
2025-07-09 12:38:40,12.88372093023256,12.75862068965517,12.90909090909091,50.07333333333333
2025-07-09 12:39:40,14.70588235294118,13.95833333333333,14.11111111111111,51.03466666666667
2025-07-09 12:40:40,15.88235294117647,15.52631578947368,15.72727272727273,60.55947368421052
2025-07-09 12:41:40,17.45945945945946,17.88888888888889,17.91428571428571,67.87953488372094
2025-07-09 12:42:40,20.41558441558442,19.55555555555556,19.61971830985916,77.10538461538461
2025-07-09 12:43:40,21.97402597402597,21.1,21.1375,85.68833333333333
2025-07-09 12:44:40,21.57142857142857,21.85,21.8875,84.89533333333333
2025-07-09 12:45:40,21.41176470588235,22.6,22.6375,83.01607142857142
2025-07-09 12:46:40,24.38938053097345,23.49122807017544,23.52991452991453,96.61999999999999
2025-07-09 12:47:40,25.45132743362832,24.54385964912281,24.55555555555556,93.50999999999999
2025-07-09 12:48:40,27.26086956521739,26.38775510204082,26.58139534883721,107.0866666666667
2025-07-09 12:49:40,21.62790697674419,20.9,20.9,86.93
2025-07-09 12:50:40,18.69565217391304,17.65,17.65,71.12055555555555
2025-07-09 12:51:40,21.15384615384615,20.43478260869565,20.65,84.78
2025-07-09 12:52:40,21.48648648648649,20.54368932038835,20.50697674418605,86.59093023255814
2025-07-09 12:53:40,20.67567567567568,19.96116504854369,19.94883720930233,89.4544
2025-07-09 12:54:40,19.70588235294118,19.37864077669903,19.3906976744186,82.92102564102564
2025-07-09 12:55:40,18.01481481481482,17.5,17.56,75.16166666666666
2025-07-09 12:56:40,18.45925925925926,17.72108843537415,17.73103448275862,73.99052631578948
2025-07-09 12:57:40,18.9037037037037,18.53741496598639,18.55862068965517,72.06933333333333
2025-07-09 12:58:40,19.34814814814815,18.77872340425532,18.76569037656904,77.64448979591837
2025-07-09 12:59:40,19.79259259259259,18.26808510638298,18.26359832635983,77.11870967741936
2025-07-09 13:00:40,19.05882352941176,17.75744680851064,17.76150627615063,80.65521739130435
2025-07-09 13:01:40,18.37795275590551,17.2468085106383,17.25941422594142,75.98666666666666
2025-07-09 13:02:40,19.32283464566929,17.92537313432836,17.95081967213115,70.48857142857142
2025-07-09 13:03:40,20.70833333333333,19.96,20.03703703703704,82.24185185185186
2025-07-09 13:04:40,20.68181818181818,21.85,21.85,87.47333333333333
2025-07-09 13:05:40,23.84375,22.64556962025317,22.64556962025317,95.39508196721312
2025-07-09 13:06:40,21.86666666666667,21.12658227848101,21.12658227848101,90.58333333333334
2025-07-09 13:07:40,21.35294117647059,20.33333333333333,20.42857142857143,84.14347826086957
2025-07-09 13:08:40,23.16923076923077,22.19402985074627,22.31343283582089,90.74608695652174
2025-07-09 13:09:40,27.40983606557377,26.44615384615384,28.68,118.6306666666667
2025-07-09 13:10:40,26.64150943396226,25.53061224489796,25.53658536585366,108.0659459459459
2025-07-09 13:11:40,27.14285714285714,26.17241379310345,28.93548387096774,117.0619047619048
2025-07-09 13:12:40,25.125,24.16129032258064,24.26666666666667,107.9732142857143
2025-07-09 13:13:40,20.19047619047619,19.15384615384615,19.15384615384615,83.94000000000001
2025-07-09 13:14:40,27.06666666666667,26.3,26.40540540540541,108.4466666666667
2025-07-09 13:15:40,30.68965517241379,29.86486486486486,29.78048780487805,126.8463157894737
2025-07-09 13:16:40,32.53333333333333,31.66666666666667,32.33333333333334,132.8133333333333
2025-07-09 13:17:40,30.50602409638554,29.50602409638554,29.38356164383562,120.6255555555556
2025-07-09 13:18:40,31.95180722891566,30.95180722891566,31.16666666666667,130.4633333333333
2025-07-09 13:19:40,33.26666666666667,32.46666666666667,32.46666666666667,136.3206666666667
2025-07-09 13:20:40,27.60919540229885,27.72222222222222,27.96296296296296,116.8122222222222
2025-07-09 13:21:40,26.22988505747126,26.54545454545455,26.90697674418605,112.3766666666667
2025-07-09 13:22:40,24.88,23.91139240506329,24.30909090909091,101.7227777777778
2025-07-09 13:23:40,22.96,23.97959183673469,24.04347826086957,94.69466666666666
2025-07-09 13:24:40,22.48387096774194,22.25925925925926,22.68,95.88499999999999
2025-07-09 13:25:40,21.51219512195122,20.58823529411765,20.71428571428572,85.95333333333333
2025-07-09 13:26:40,18.6046511627907,17.26666666666667,17.53333333333333,74.31944444444444
2025-07-09 13:27:40,27.78082191780822,27.66666666666667,28.83333333333333,116.75
2025-07-09 13:28:40,26.13698630136986,26.05405405405405,25.3265306122449,109.6066666666667
2025-07-09 13:29:40,31.63636363636364,29.74576271186441,30.94805194805195,128.44
2025-07-09 13:30:40,29.1685393258427,28.72881355932203,29.38961038961039,122.2820833333333
2025-07-09 13:31:40,29.77777777777778,29.61904761904762,30.73076923076923,123.1566666666667
2025-07-09 13:32:40,30.4375,30.48484848484848,29.41791044776119,130.0133333333333
2025-07-09 13:33:40,22.44897959183674,22.50909090909091,21.37209302325581,89.81333333333333
2025-07-09 13:34:40,26.21621621621622,25.02702702702703,25.65,105.9038461538462
2025-07-09 13:35:40,29.6,29.85365853658537,28.63934426229508,124.4284848484848
2025-07-09 13:36:40,28.22222222222222,27.6,27.14492753623188,116.2733333333333
2025-07-09 13:37:40,29.05555555555555,26.50909090909091,28.01449275362319,115.8125
2025-07-09 13:38:40,29.88888888888889,27.88235294117647,28.88405797101449,117.8633333333333
2025-07-09 13:39:40,28.53521126760563,28.4406779661017,29.4,125.4137209302326
2025-07-09 13:40:40,29.93548387096774,27.69565217391304,28.8,122.1266666666667
2025-07-09 13:41:40,29.62162162162162,27.90909090909091,28.71428571428572,118.7633333333333
2025-07-09 13:42:40,35.11111111111111,33.66666666666666,33.84615384615385,141.3166666666667
2025-07-09 13:43:40,32.30769230769231,31.29411764705882,30.56716417910448,138.0366666666667
2025-07-09 13:44:40,24.71428571428572,23.8,24.83870967741936,99.17923076923077
2025-07-09 13:45:40,29.23943661971831,27.90540540540541,29.31343283582089,126.2595833333333
2025-07-09 13:46:40,24.10526315789474,24.45161290322581,24.28571428571428,100.0042857142857
2025-07-09 13:47:40,29.40740740740741,27.19047619047619,29.44444444444444,120.6653333333333
2025-07-09 13:48:40,21.78461538461539,21.56756756756757,21.56756756756757,91.68777777777778
2025-07-09 13:49:40,19.85185185185185,19.84,19.84,84.3925
2025-07-09 13:50:40,17.24731182795699,17.1685393258427,17.19565217391304,75.64
2025-07-09 13:51:40,16.12121212121212,16.27586206896552,16.23255813953488,68.77666666666667
2025-07-09 13:52:40,20.22222222222222,20.0,19.83333333333333,83.08666666666666
2025-07-09 13:53:40,26.44444444444444,26.81818181818182,26.33333333333333,109.2033333333333
2025-07-09 13:54:40,25.62686567164179,25.66666666666667,27.42857142857143,115.0555555555556
2025-07-09 13:55:40,27.14814814814815,25.73333333333333,26.53333333333333,110.7266666666667
2025-07-09 13:56:40,28.58333333333333,28.57692307692308,27.9,116.505
2025-07-09 13:57:40,23.66666666666667,23.73333333333333,24.84848484848485,98.08666666666667
2025-07-09 13:58:40,29.83333333333333,28.83333333333333,28.83333333333333,116.2441666666667
2025-07-09 13:59:40,32.81481481481482,31.81481481481481,32.16666666666666,134.705
2025-07-09 14:00:40,29.625,29.69444444444444,29.69444444444444,121.9857142857143
2025-07-09 14:01:40,29.05263157894737,28.02777777777778,28.02777777777778,118.3133333333333
2025-07-09 14:02:40,24.43589743589743,23.51515151515152,23.72413793103448,98.22666666666666
2025-07-09 14:03:40,24.14035087719298,24.52791878172589,24.57435897435898,100.5965573770492
2025-07-09 14:04:40,23.08771929824561,25.13705583756345,25.18974358974359,98.14333333333335
2025-07-09 14:05:40,24.65957446808511,25.74619289340102,25.80512820512821,104.0933333333333
2025-07-09 14:06:40,23.80851063829787,24.79310344827586,24.94871794871795,108.45375
2025-07-09 14:07:40,22.96470588235294,22.31818181818182,22.72222222222222,98.47083333333333
2025-07-09 14:08:40,22.25882352941176,21.36144578313253,22.8952380952381,92.92648648648648
2025-07-09 14:09:40,21.55294117647059,20.63855421686747,23.89189189189189,101.05
2025-07-09 14:10:40,20.76576576576577,20.26923076923077,20.19047619047619,85.18
2025-07-09 14:11:40,19.68468468468469,21.25,21.10204081632653,92.32648648648649
2025-07-09 14:12:40,19.17886178861789,18.14414414414414,18.14414414414414,82.40444444444444
2025-07-09 14:13:40,19.66666666666667,18.68468468468468,18.68468468468468,78.23271186440678
2025-07-09 14:14:40,20.15447154471545,19.22522522522522,19.22522522522522,79.8488888888889
2025-07-09 14:15:40,20.64227642276423,19.76576576576576,19.76576576576576,79.16368421052631
2025-07-09 14:16:40,20.67676767676768,19.456,19.47286821705426,90.29904761904761
2025-07-09 14:17:40,19.46464646464646,18.496,18.54263565891473,86.96773584905661
2025-07-09 14:18:40,19.45679012345679,18.48333333333333,18.45454545454545,78.11658536585367
2025-07-09 14:19:40,20.19753086419753,19.48333333333333,19.54545454545455,83.87666666666667
2025-07-09 14:20:40,20.93827160493827,20.26851851851852,20.83333333333333,87.05
2025-07-09 14:21:40,21.59459459459459,20.82407407407408,21.55102040816326,92.10396226415094
2025-07-09 14:22:40,22.24324324324324,21.37962962962963,20.49438202247191,89.13964285714286
2025-07-09 14:23:40,22.89189189189189,21.93518518518519,21.84269662921348,93.87888888888888
2025-07-09 14:24:40,23.17142857142857,22.16216216216216,22.23809523809524,97.60666666666665
2025-07-09 14:25:40,26.03030303030303,25.11111111111111,25.27777777777778,106.8722222222222
2025-07-09 14:26:40,27.98876404494382,26.28,26.2,113.0752631578947
2025-07-09 14:27:40,28.55882352941176,27.55263157894737,27.50515463917526,122.23
2025-07-09 14:28:40,26.62162162162162,25.94117647058824,26.2680412371134,115.0433333333333
2025-07-09 14:29:40,23.23529411764706,22.41176470588235,22.58823529411765,100.8281818181818
2025-07-09 14:30:40,26.5,25.80952380952381,25.75925925925926,114.895
2025-07-09 14:31:40,24.22077922077922,24.66666666666667,24.64814814814815,110.7323529411765
2025-07-09 14:32:40,22.5,21.62264150943396,23.03846153846154,99.59411764705882
2025-07-09 14:33:40,22.3125,21.41666666666667,21.57894736842105,94.56
2025-07-09 14:34:40,24.55555555555556,23.58208955223881,23.64705882352941,100.0766666666667
2025-07-09 14:35:40,26.4368932038835,25.41284403669725,25.44347826086956,116.7144444444444
2025-07-09 14:36:40,25.27184466019418,24.31192660550459,24.4,110.0852380952381
2025-07-09 14:37:40,26.95744680851064,25.9,25.76744186046512,113.6883333333333
2025-07-09 14:38:40,25.67567567567568,24.64705882352941,24.67692307692308,103.6309090909091
2025-07-09 14:39:40,28.04761904761905,27.27272727272727,27.78947368421053,119.64
2025-07-09 14:40:40,27.55072463768116,26.59459459459459,26.60240963855422,123.598275862069
2025-07-09 14:41:40,27.79611650485437,27.76744186046512,27.89189189189189,120.5311111111111
2025-07-09 14:42:40,28.96116504854369,27.23076923076923,27.2054794520548,122.208115942029
2025-07-09 14:43:40,27.60240963855422,26.39160839160839,26.38356164383562,119.9458064516129
2025-07-09 14:44:40,27.82352941176471,26.8,26.84210526315789,115.2488888888889
2025-07-09 14:45:40,28.92805755395683,27.93582887700535,27.91623036649215,123.586
2025-07-09 14:46:40,28.49640287769784,27.61497326203209,27.6020942408377,125.5976271186441
2025-07-09 14:47:40,28.06474820143885,27.29411764705883,27.28795811518325,127.2644444444444
2025-07-09 14:48:40,27.63309352517986,26.97326203208556,26.9738219895288,123.0593548387097
2025-07-09 14:49:40,27.20143884892086,26.6524064171123,26.65968586387435,120.6830434782609
2025-07-09 14:50:40,26.54929577464789,26.33155080213904,26.3455497382199,120.3774576271186
2025-07-09 14:51:40,25.70422535211268,26.01069518716578,26.03141361256544,116.9525
2025-07-09 14:52:40,25.3448275862069,24.27450980392157,24.17391304347826,108.0422222222222
2025-07-09 14:53:40,26.44186046511628,25.48387096774194,25.48571428571429,113.2112903225807
2025-07-09 14:54:40,25.69879518072289,24.45161290322581,24.28571428571428,109.5740540540541
2025-07-09 14:55:40,26.85365853658537,25.94771241830065,25.94618834080718,115.49
2025-07-09 14:56:40,25.39024390243902,25.68627450980392,25.67713004484305,111.4247058823529
2025-07-09 14:57:40,25.59459459459459,25.42483660130719,25.40807174887892,113.1
2025-07-09 14:58:40,26.4054054054054,25.16339869281046,25.1390134529148,110.4076923076923
2025-07-09 14:59:40,26.75384615384615,24.90196078431373,24.86995515695067,112.1716216216216
2025-07-09 15:00:40,25.83076923076923,24.64052287581699,24.60089686098655,110.2708
2025-07-09 15:01:40,24.94470046082949,24.37908496732026,24.33183856502242,109.1790099009901
2025-07-09 15:02:40,24.39170506912442,24.11764705882353,24.0627802690583,108.2879207920792
2025-07-09 15:03:40,23.83870967741936,23.48031496062992,23.34285714285714,105.3384848484849
2025-07-09 15:04:40,23.28571428571428,22.53543307086614,22.48571428571428,100.912
2025-07-09 15:05:40,23.04982817869416,22.0446735395189,22.09285714285714,97.89666666666668
2025-07-09 15:06:40,23.15292096219931,22.14776632302405,22.30714285714286,100.4474774774775
2025-07-09 15:07:40,23.25601374570447,22.25085910652921,22.52142857142857,99.19342342342343
2025-07-09 15:08:40,23.35910652920962,22.35395189003436,22.73571428571429,97.4895652173913
2025-07-09 15:09:40,23.46219931271478,22.45704467353952,22.95,98.26032786885246
2025-07-09 15:10:40,23.56529209621993,22.56013745704467,23.16428571428572,97.50571428571429
2025-07-09 15:11:40,23.66838487972509,22.66323024054983,23.37857142857143,96.27705882352942
2025-07-09 15:12:40,23.77147766323024,22.76632302405498,23.59285714285715,98.54076923076923
2025-07-09 15:13:40,23.87457044673539,22.86941580756013,23.80714285714286,100.3
2025-07-09 15:14:40,23.97766323024055,22.97250859106529,23.94,102.84
2025-07-09 15:15:40,23.76847290640394,22.79816513761468,23.34,104.3051162790698
2025-07-09 15:16:40,23.47290640394089,22.52293577981651,22.74,104.26
2025-07-09 15:17:40,23.17733990147783,22.24770642201835,22.14,101.3716666666667
2025-07-09 15:18:40,22.88177339901478,21.97247706422019,22.0,99.15857142857143
2025-07-09 15:19:40,22.58620689655173,21.69724770642202,22.0,97.80555555555556
2025-07-09 15:20:40,22.29064039408867,21.42201834862385,22.0,97.15138888888889
2025-07-09 15:21:40,22.00492610837438,21.14678899082569,22.0,96.49722222222222
2025-07-09 15:22:40,22.30049261083744,21.16091954022988,22.0,94.97457142857144
2025-07-09 15:23:40,22.59605911330049,21.50574712643678,22.0,96.32028571428572
2025-07-09 15:24:40,22.89162561576354,21.85057471264368,22.0,95.06333333333333
2025-07-09 15:25:40,23.1871921182266,22.19540229885057,22.0,93.42153846153846
2025-07-09 15:26:40,23.48275862068965,22.54022988505747,22.0,93.00838709677419
2025-07-09 15:27:40,23.77832512315271,22.88505747126437,22.06666666666667,98.24555555555555
2025-07-09 15:28:40,24.10238907849829,23.32786885245902,23.06666666666667,100.4082608695652
2025-07-09 15:29:40,24.51194539249147,23.81967213114754,23.98393574297189,104.1025
2025-07-09 15:30:40,24.92150170648464,24.31147540983607,23.7429718875502,106.1245588235294
2025-07-09 15:31:40,25.33105802047782,24.80327868852459,23.50200803212851,107.59296875
2025-07-09 15:32:40,25.74061433447099,24.59550561797753,23.26104417670683,109.519387755102
2025-07-09 15:33:40,25.56435643564356,23.92134831460674,23.02008032128514,108.8954545454545
2025-07-09 15:34:40,24.37623762376237,23.24719101123596,22.77911646586346,107.9681818181818
2025-07-09 15:35:40,23.56382978723404,23.0,22.53815261044177,103.5896815286624
2025-07-09 15:36:40,22.92553191489362,23.0,22.29718875502008,102.8177070063694
2025-07-09 15:37:40,22.28723404255319,23.0,22.05622489959839,102.0457324840764
2025-07-09 15:38:40,23.99137931034483,23.0,22.62162162162162,101.97
2025-07-09 15:39:40,23.88793103448276,23.0,23.43243243243243,103.8218072289157
2025-07-09 15:40:40,23.78448275862069,23.0,23.91762013729977,104.8477514792899
2025-07-09 15:41:40,23.68103448275862,23.0,23.64302059496568,104.1802958579882
2025-07-09 15:42:40,23.57758620689656,23.0,23.36842105263158,103.5128402366864
2025-07-09 15:43:40,23.47413793103448,23.0,23.09382151029748,101.454375
2025-07-09 15:44:40,23.37068965517242,23.0,22.81922196796339,102.9276642335766
2025-07-09 15:45:40,23.26724137931035,22.55555555555556,22.54462242562929,102.2707299270073
2025-07-09 15:46:40,23.16379310344828,22.07936507936508,22.27002288329519,101.613795620438
2025-07-09 15:47:40,23.06034482758621,21.6031746031746,21.98857142857143,99.87148148148148
2025-07-09 15:48:40,22.40476190476191,21.12698412698413,21.30285714285714,96.96681818181818
2025-07-09 15:49:40,20.98449612403101,20.3758865248227,20.61714285714286,94.12645161290322
2025-07-09 15:50:40,20.05426356589147,19.52482269503546,19.90082644628099,90.19
2025-07-09 15:51:40,19.12403100775194,18.60683760683761,18.90909090909091,86.60095238095238
2025-07-09 15:52:40,18.46391752577319,17.58119658119658,17.99137931034483,83.02935483870968
2025-07-09 15:53:40,17.84536082474227,17.16883116883117,17.88793103448276,79.6441095890411
2025-07-09 15:54:40,17.22680412371134,17.55844155844156,17.78448275862069,78.38380952380952
2025-07-09 15:55:40,17.43428571428571,17.94805194805195,17.68103448275862,77.04809523809524
2025-07-09 15:56:40,18.12,18.33766233766234,17.57758620689656,78.98920000000001
2025-07-09 15:57:40,18.80571428571428,18.72727272727273,17.47413793103448,82.42111111111112
2025-07-09 15:58:40,18.6640625,18.70247933884297,17.37068965517242,84.75827586206897
2025-07-09 15:59:40,18.1953125,17.71074380165289,17.26724137931035,82.97666666666667
2025-07-09 16:00:40,17.7265625,17.75555555555556,17.16379310344828,81.59414634146341
2025-07-09 16:01:40,17.2578125,17.89655172413793,17.06034482758621,81.59
2025-07-09 16:02:40,17.46153846153846,16.15,16.29577464788732,76.73642857142858
2025-07-09 16:03:40,18.48717948717949,16.0,16.12,73.64875
2025-07-09 16:04:40,18.94845360824742,18.39393939393939,18.91726618705036,83.57739130434783
2025-07-09 16:05:40,18.84536082474227,18.84031936127744,18.70143884892086,83.30736842105263
2025-07-09 16:06:40,18.74226804123711,18.60079840319361,18.48561151079137,84.07245901639344
2025-07-09 16:07:40,18.63917525773196,18.36127744510978,18.26978417266187,85.49117647058823
2025-07-09 16:08:40,18.53608247422681,18.12175648702594,18.05395683453237,83.77627118644068
2025-07-09 16:09:40,18.43298969072165,17.88223552894211,17.83812949640287,81.40094527363183
2025-07-09 16:10:40,18.3298969072165,17.64271457085828,17.62230215827338,80.93228855721392
2025-07-09 16:11:40,18.22680412371134,17.40319361277445,17.40647482014388,80.46363184079601
2025-07-09 16:12:40,18.12371134020619,17.16367265469062,17.19064748201439,79.99497512437812
2025-07-09 16:13:40,18.02061855670103,16.71428571428572,16.888,77.64937499999999
2025-07-09 16:14:40,16.8,15.81203007518797,15.928,74.19780487804879
2025-07-09 16:15:40,16.04810996563574,15.03508771929824,15.01197604790419,70.95285714285714
2025-07-09 16:16:40,16.15120274914089,15.3859649122807,15.37125748502994,70.16841836734694
2025-07-09 16:17:40,16.25429553264605,15.73684210526316,15.73053892215569,70.6490306122449
2025-07-09 16:18:40,16.3573883161512,16.08771929824561,16.08982035928144,71.12964285714285
2025-07-09 16:19:40,16.46048109965636,16.43859649122807,16.44910179640718,72.89315789473683
2025-07-09 16:20:40,16.56357388316151,16.78947368421053,16.80838323353293,72.71888888888888
2025-07-09 16:21:40,16.66666666666666,16.05882352941176,16.03448275862069,73.55291666666666
2025-07-09 16:22:40,16.76975945017182,15.86842105263158,15.9375,71.38187500000001
2025-07-09 16:23:40,16.87285223367697,16.76388888888889,17.09665427509294,74.524
2025-07-09 16:24:40,16.97594501718213,15.93055555555556,17.31970260223049,73.684
2025-07-09 16:25:40,17.26979472140762,15.09722222222222,17.54275092936803,72.9888888888889
2025-07-09 16:26:40,17.6217008797654,16.325,17.76579925650558,74.32222222222222
2025-07-09 16:27:40,17.97360703812317,17.20245398773006,17.98884758364312,76.65186440677967
2025-07-09 16:28:40,18.32551319648094,17.57055214723926,18.21189591078067,77.52644067796611
2025-07-09 16:29:40,18.67741935483871,17.93865030674846,18.43494423791822,80.69095238095238
2025-07-09 16:30:40,18.95689655172414,18.30674846625767,18.65799256505576,82.73533333333333
2025-07-09 16:31:40,18.43965517241379,18.67484662576687,18.88104089219331,83.7536170212766
2025-07-09 16:32:40,17.92241379310345,18.84269662921348,18.552,83.58765957446808
2025-07-09 16:33:40,17.4051724137931,17.49438202247191,17.592,80.5755357142857
2025-07-09 16:34:40,17.08360128617363,16.62745098039216,16.75661375661376,74.89166666666667
2025-07-09 16:35:40,17.46945337620579,16.03921568627451,16.12169312169312,77.30125
2025-07-09 16:36:40,17.85530546623794,15.45098039215686,15.48677248677249,78.2035294117647
2025-07-09 16:37:40,18.2411575562701,15.82352941176471,15.90322580645161,72.97727272727272
2025-07-09 16:38:40,18.62700964630225,16.65665236051502,16.63559322033898,79.60499999999999
2025-07-09 16:39:40,18.96363636363636,16.14163090128755,16.1271186440678,82.39333333333333
2025-07-09 16:40:40,17.87272727272727,15.62660944206008,15.61864406779661,81.085
2025-07-09 16:41:40,16.2258064516129,15.11158798283262,15.11016949152542,73.2
2025-07-09 16:42:40,14.05747126436782,13.96703296703297,13.96703296703297,70.10044444444445
2025-07-09 16:43:40,12.31707317073171,12.08571428571429,12.08571428571429,57.37875
2025-07-09 16:44:40,11.5546218487395,11.60294117647059,11.61654135338346,53.17851063829787
2025-07-09 16:45:40,12.56302521008403,12.48529411764706,12.5187969924812,54.19809523809523
2025-07-09 16:46:40,14.93197278911565,14.31578947368421,14.75,66.02833333333332
2025-07-09 16:47:40,14.1156462585034,14.23577235772358,14.17037037037037,72.35837837837838
2025-07-09 16:48:40,13.29931972789116,13.26016260162602,13.28148148148148,67.24333333333334
2025-07-09 16:49:40,14.46153846153846,14.3134328358209,14.41379310344828,62.97444444444444
2025-07-09 16:50:40,16.58620689655172,16.32142857142857,16.45762711864407,70.06
2025-07-09 16:51:40,15.52307692307692,15.3265306122449,15.4,72.5788888888889
2025-07-09 16:52:40,17.57692307692308,17.32142857142857,17.43636363636364,78.81666666666666
2025-07-09 16:53:40,18.50537634408602,18.64864864864865,18.56410256410257,88.3478787878788
2025-07-09 16:54:40,17.21505376344086,17.02702702702703,17.02564102564103,79.285
2025-07-09 16:55:40,18.63934426229508,15.99145299145299,15.99145299145299,78.49
2025-07-09 16:56:40,15.0,14.80952380952381,14.80952380952381,69.026
2025-07-09 16:57:40,16.96153846153846,16.95652173913043,16.95652173913043,78.05166666666668
2025-07-09 16:58:40,14.60869565217391,14.34782608695652,14.38775510204082,68.22318181818181
2025-07-09 16:59:40,14.35294117647059,14.11538461538461,13.83870967741935,63.74666666666667
2025-07-09 17:00:40,16.89380530973451,16.79661016949153,16.89189189189189,79.27
2025-07-09 17:01:40,15.83185840707965,15.51851851851852,15.81081081081081,75.18333333333334
2025-07-09 17:02:40,14.07142857142857,13.8,13.88888888888889,64.97
2025-07-09 17:03:40,17.33333333333333,16.75,17.07407407407407,77.39333333333333
2025-07-09 17:04:40,17.70967741935484,17.78048780487805,17.64,82.11
2025-07-09 17:05:40,18.15151515151515,15.96774193548387,16.03448275862069,72.788
2025-07-09 17:06:40,18.07246376811594,18.13333333333333,18.13846153846154,87.875
2025-07-09 17:07:40,15.40740740740741,15.45901639344262,15.37931034482759,68.00096774193548
2025-07-09 17:08:40,19.11764705882353,18.625,19.02666666666667,84.9775
2025-07-09 17:09:40,20.88235294117647,18.02564102564103,20.62666666666667,91.19142857142857
2025-07-09 17:10:40,17.375,17.0,17.375,78.82
2025-07-09 17:11:40,18.67647058823529,17.26666666666667,17.55555555555556,78.745
2025-07-09 17:12:40,18.62307692307692,17.63768115942029,17.74666666666667,85.4206976744186
2025-07-09 17:13:40,18.16153846153846,18.89542483660131,18.89808917197452,86.28846153846153
2025-07-09 17:14:40,17.7,18.11111111111111,18.13375796178344,82.39548387096774
2025-07-09 17:15:40,17.23846153846154,17.32679738562091,17.36942675159236,82.88030303030303
2025-07-09 17:16:40,16.28395061728395,16.1358024691358,16.225,75.2720930232558
2025-07-09 17:17:40,14.11111111111111,13.83333333333333,13.95238095238095,65.40666666666667
2025-07-09 17:18:40,14.14942528735632,14.01010101010101,14.0752688172043,61.66770491803279
2025-07-09 17:19:40,15.28930817610063,15.14285714285714,15.2125,68.53533333333333
2025-07-09 17:20:40,16.0440251572327,15.92207792207792,15.9625,66.03999999999999
2025-07-09 17:21:40,16.79874213836478,16.7012987012987,16.7125,70.37333333333333
2025-07-09 17:22:40,18.66101694915254,16.33333333333333,16.35087719298246,82.62777777777778
2025-07-09 17:23:40,17.24719101123596,15.25225225225225,15.29824561403509,74.61428571428571
2025-07-09 17:24:40,18.59550561797753,16.6952380952381,16.7037037037037,80.365
2025-07-09 17:25:40,17.32,15.55238095238095,15.59259259259259,79.29388888888889
2025-07-09 17:26:40,18.3,16.99344262295082,16.97402597402597,77.83111111111111
2025-07-09 17:27:40,17.76923076923077,16.6,16.58441558441558,79.21932203389831
2025-07-09 17:28:40,16.64757709251101,16.20655737704918,16.19480519480519,74.47646341463414
2025-07-09 17:29:40,16.11894273127754,15.81311475409836,15.80519480519481,73.921875
2025-07-09 17:30:40,15.59030837004405,15.41967213114754,15.41558441558442,76.98214285714286
2025-07-09 17:31:40,15.06167400881057,15.02622950819672,15.02597402597403,71.34166666666667
2025-07-09 17:32:40,12.79047619047619,12.76076555023923,12.76076555023923,58.85571428571428
2025-07-09 17:33:40,12.21904761904762,12.1866028708134,12.1866028708134,62.83
2025-07-09 17:34:40,11.64761904761905,11.61244019138756,11.61244019138756,59.18294117647059
2025-07-09 17:35:40,11.07619047619048,11.03827751196172,11.03827751196172,53.06666666666667
2025-07-09 17:36:40,10.59090909090909,10.51020408163265,10.48936170212766,47.34
2025-07-09 17:37:40,11.85,11.16637781629116,11.76190476190476,50.42046511627907
2025-07-09 17:38:40,12.85,11.37435008665511,12.71428571428572,55.98565217391305
2025-07-09 17:39:40,11.81395348837209,11.58232235701906,11.86486486486486,55.92916666666667
2025-07-09 17:40:40,11.1453488372093,11.79029462738302,11.15300546448087,51.19857142857143
2025-07-09 17:41:40,11.49418604651163,11.99826689774697,11.48087431693989,52.57210084033613
2025-07-09 17:42:40,11.84302325581395,12.20623916811092,11.80874316939891,53.32840336134453
2025-07-09 17:43:40,12.19186046511628,12.41421143847487,12.13661202185792,55.31863636363637
2025-07-09 17:44:40,12.5406976744186,12.62218370883882,12.46448087431694,54.12571428571429
2025-07-09 17:45:40,12.88953488372093,12.83015597920277,12.79234972677596,55.79
2025-07-09 17:46:40,13.0,12.98109965635739,12.96213425129088,58.98
2025-07-09 17:47:40,13.0,12.87800687285223,12.85886402753873,58.16095238095238
2025-07-09 17:48:40,13.0,12.77491408934708,12.75559380378658,57.34190476190476
2025-07-09 17:49:40,13.0,12.67182130584193,12.65232358003442,57.42724137931035
2025-07-09 17:50:40,13.0,12.56872852233677,12.54905335628227,58.74333333333333
2025-07-09 17:51:40,13.0,12.46563573883162,12.44578313253012,57.74333333333333
2025-07-09 17:52:40,13.0,12.36254295532646,12.34251290877797,56.68043478260869
2025-07-09 17:53:40,13.0,12.25945017182131,12.23924268502582,55.55869565217391
2025-07-09 17:54:40,13.0,12.15635738831615,12.13597246127367,56.9969306930693
2025-07-09 17:55:40,13.0,12.053264604811,12.03270223752151,56.10584158415841
2025-07-09 17:56:40,11.0,10.55,10.53571428571429,51.194
2025-07-09 17:57:40,11.0,10.0,10.07745266781411,50.07333333333333
2025-07-09 17:58:40,11.0,10.0,10.18072289156627,50.3972972972973
2025-07-09 17:59:40,11.0,10.0,10.28399311531842,50.39857142857143
2025-07-09 18:00:40,11.0,10.0,10.38726333907057,49.5525641025641
2025-07-09 18:01:40,11.0,10.0,10.49053356282272,50.92666666666667
2025-07-09 18:02:40,11.0,10.0,10.59380378657487,50.59904761904762
2025-07-09 18:03:40,11.0,10.0,10.69707401032702,50.19
2025-07-09 18:04:40,11.0,10.0,10.80034423407917,50.93333333333333
2025-07-09 18:05:40,11.0,10.0,10.90361445783132,50.72715736040609
2025-07-09 18:06:40,10.95876288659794,10.0,10.99310344827586,50.27030456852792
2025-07-09 18:07:40,10.85567010309278,10.0,10.88965517241379,49.81345177664975
2025-07-09 18:08:40,10.75257731958763,10.0,10.78620689655172,49.35659898477157
2025-07-09 18:09:40,10.64948453608248,10.0,10.68275862068965,48.40035294117647
2025-07-09 18:10:40,10.54639175257732,10.0,10.57931034482758,47.19538461538462
2025-07-09 18:11:40,10.44329896907217,10.0,10.47586206896552,46.88588235294117
2025-07-09 18:12:40,10.34020618556701,10.0,10.37241379310345,50.54695652173913
2025-07-09 18:13:40,10.23711340206186,10.0,10.26896551724138,50.07333333333334
2025-07-09 18:14:40,10.1340206185567,10.0,10.16551724137931,49.27333333333333
2025-07-09 18:15:40,10.03092783505155,10.0,10.06206896551724,47.84107142857143
2025-07-09 18:16:40,10.07241379310345,10.0448275862069,10.04130808950086,48.78521126760563
2025-07-09 18:17:40,10.17586206896552,10.14827586206897,10.14457831325301,50.14108108108108
2025-07-09 18:18:40,10.27931034482759,10.25172413793103,10.24784853700516,46.06571428571429
2025-07-09 18:19:40,10.38275862068966,10.3551724137931,10.35111876075731,48.69666666666667
2025-07-09 18:20:40,10.48620689655173,10.45862068965517,10.45438898450947,50.45
2025-07-09 18:21:40,10.5896551724138,10.56206896551724,10.55765920826162,47.54730769230769
2025-07-09 18:22:40,10.69310344827586,10.66551724137931,10.66092943201377,50.45
2025-07-09 18:23:40,10.79655172413793,10.76896551724138,10.76419965576592,49.12980769230769
2025-07-09 18:24:40,10.9,10.87241379310345,10.86746987951807,50.20865384615384
2025-07-09 18:25:40,11.00343642611684,10.97586206896552,10.97074010327022,51.96666666666667
2025-07-09 18:26:40,11.10652920962199,11.07903780068728,11.07401032702237,49.63263157894737
2025-07-09 18:27:40,11.20962199312715,11.18213058419244,11.17728055077453,50.55692307692308
2025-07-09 18:28:40,11.3127147766323,11.28522336769759,11.28055077452668,53.03529801324503
2025-07-09 18:29:40,11.41580756013746,11.38831615120275,11.38382099827883,53.66311258278146
2025-07-09 18:30:40,11.51890034364261,11.4914089347079,11.48709122203098,54.16500000000001
2025-07-09 18:31:40,11.62199312714776,11.59450171821306,11.59036144578313,51.27810810810811
2025-07-09 18:32:40,11.72508591065292,11.69759450171821,11.69363166953528,56.13315789473684
2025-07-09 18:33:40,11.82817869415807,11.80068728522337,11.79690189328743,55.25191780821918
2025-07-09 18:34:40,11.93127147766323,11.90378006872852,11.90017211703959,55.73462365591398
2025-07-09 18:35:40,12.0,11.99311531841652,11.99656357388316,57.0478431372549
2025-07-09 18:36:40,12.0,11.88984509466437,11.89347079037801,57.32724137931034
2025-07-09 18:37:40,12.0,11.78657487091222,11.79037800687285,58.20552238805971
2025-07-09 18:38:40,12.0,11.68330464716007,11.6872852233677,61.6104
2025-07-09 18:39:40,12.0,11.58003442340792,11.58419243986254,61.00987499999999
2025-07-09 18:40:40,12.0,11.47676419965577,11.48109965635739,58.85441860465117
2025-07-09 18:41:40,12.0,11.37349397590362,11.37800687285224,61.00238095238095
2025-07-09 18:42:40,12.0,11.27022375215146,11.27491408934708,59.7775
2025-07-09 18:43:40,12.0,11.16695352839931,11.17182130584193,57.69868217054264
2025-07-09 18:44:40,12.0,11.06368330464716,11.06872852233677,56.82891472868217
2025-07-09 18:45:40,11.77514792899408,10.88585607940447,10.9,53.74882352941177
2025-07-09 18:46:40,11.42011834319527,10.58808933002481,10.6,56.169375
2025-07-09 18:47:40,11.06508875739645,10.29032258064516,10.3,54.88586206896552
2025-07-09 18:48:40,10.71005917159763,9.992555831265507,10.0,53.02263157894737
2025-07-09 18:49:40,10.35502958579882,9.694789081885855,9.7,54.92625
2025-07-09 18:50:40,10.0,9.397022332506202,9.4,50.679375
2025-07-09 18:51:40,8.823529411764707,9.099255583126551,9.1,48.60018181818182
2025-07-09 18:52:40,7.8125,7.064516129032258,7.0,36.75
2025-07-09 18:53:40,7.1875,8.032258064516128,8.025641025641026,37.17
2025-07-09 18:54:40,6.5625,9.0,8.86046511627907,41.53918918918919
2025-07-09 18:55:40,6.010344827586207,6.571428571428571,6.63963963963964,30.61
2025-07-09 18:56:40,6.113793103448276,5.5,5.558558558558559,29.48857142857143
2025-07-09 18:57:40,6.217241379310345,5.176308539944904,5.162921348314606,26.495
2025-07-09 18:58:40,6.320689655172414,5.506887052341598,5.5,27.25
2025-07-09 18:59:40,6.424137931034483,5.837465564738292,5.837078651685394,30.51631578947369
2025-07-09 19:00:40,6.527586206896552,6.168044077134986,6.174157303370787,27.86689655172414
2025-07-09 19:01:40,6.63103448275862,6.49862258953168,6.51123595505618,30.96307692307692
2025-07-09 19:02:40,6.73448275862069,6.829201101928374,6.848314606741573,32.83746031746032
2025-07-09 19:03:40,6.837931034482759,6.875802997858672,6.859872611464968,35.20330434782608
2025-07-09 19:04:40,6.941379310344828,6.618843683083512,6.605095541401274,34.26939130434783
2025-07-09 19:05:40,6.854341736694678,6.361884368308351,6.350318471337579,32.69555555555556
2025-07-09 19:06:40,6.518207282913165,6.10492505353319,6.095541401273885,31.40666666666667
2025-07-09 19:07:40,6.182072829131653,5.847965738758029,5.840764331210191,31.00666666666666
2025-07-09 19:08:40,5.845938375350141,5.591006423982869,5.585987261146497,30.60666666666667
2025-07-09 19:09:40,5.509803921568627,5.334047109207709,5.331210191082802,30.12455882352941
2025-07-09 19:10:40,5.173669467787115,5.077087794432548,5.076433121019108,28.73926470588236
2025-07-09 19:11:40,4.950086058519793,4.927586206896552,4.927586206896552,26.75434782608696
2025-07-09 19:12:40,4.846815834767642,4.824137931034483,4.824137931034483,26.47484472049689
2025-07-09 19:13:40,4.743545611015491,4.720689655172413,4.720689655172413,26.19534161490683
2025-07-09 19:14:40,4.64027538726334,4.617241379310345,4.617241379310345,25.91583850931677
2025-07-09 19:15:40,4.537005163511188,4.513793103448275,4.513793103448275,25.63633540372671
2025-07-09 19:16:40,4.433734939759037,4.410344827586207,4.410344827586207,25.16964285714286
2025-07-09 19:17:40,4.330464716006885,4.306896551724138,4.306896551724138,24.32857142857143
2025-07-09 19:18:40,4.227194492254734,4.203448275862069,4.203448275862069,23.3305
2025-07-09 19:19:40,4.123924268502582,4.1,4.1,22.14820224719101
2025-07-09 19:20:40,4.02065404475043,3.992141453831041,3.992079207920792,20.9347191011236
2025-07-09 19:21:40,3.807615230460922,3.756385068762279,3.754455445544554,18.96714285714286
2025-07-09 19:22:40,3.567134268537074,3.520628683693517,3.516831683168317,17.68142857142857
2025-07-09 19:23:40,3.326653306613227,3.284872298624754,3.279207920792079,15.60576530612245
2025-07-09 19:24:40,3.086172344689379,3.049115913555992,3.041584158415842,15.12515306122449
2025-07-09 19:25:40,2.845691382765531,2.81335952848723,2.803960396039604,14.64454081632653
2025-07-09 19:26:40,2.605210420841683,2.577603143418468,2.566336633663366,14.14826086956522
2025-07-09 19:27:40,2.364729458917836,2.341846758349705,2.328712871287129,13.53335403726708
2025-07-09 19:28:40,2.124248496993988,2.106090373280943,2.091089108910891,12.91844720496894
2025-07-09 19:29:40,2.0,2.0,2.0,13.06263157894737
2025-07-09 19:30:40,2.0,2.0,2.0,14.19947368421053
2025-07-09 19:31:40,2.0,2.0,2.0,12.06132530120482
2025-07-09 19:32:40,2.0,2.0,2.0,10.86855421686747
2025-07-09 19:33:40,2.0,2.0,2.0,9.450571428571429
2025-07-09 19:34:40,2.0,2.0,2.0,7.685
2025-07-09 19:35:40,2.0,2.0,2.0,9.266585365853658
2025-07-09 19:36:40,2.0,2.0,2.0,8.864146341463414
2025-07-09 19:37:40,2.0,2.0,2.0,8.46170731707317
2025-07-09 19:38:40,2.0,2.0,2.0,8.059268292682926
2025-07-09 19:39:40,1.917241379310345,1.90893470790378,1.905335628227194,7.656829268292682
2025-07-09 19:40:40,1.813793103448276,1.805841924398625,1.802065404475043,7.493132530120482
2025-07-09 19:41:40,1.710344827586207,1.702749140893471,1.698795180722892,7.346488812392427
2025-07-09 19:42:40,1.606896551724138,1.599656357388316,1.59552495697074,7.199845094664372
2025-07-09 19:43:40,1.503448275862069,1.496563573883161,1.492254733218589,7.053201376936317
2025-07-09 19:44:40,1.4,1.393470790378007,1.388984509466437,6.906557659208262
2025-07-09 19:45:40,1.296551724137931,1.290378006872852,1.285714285714286,6.759913941480208
2025-07-09 19:46:40,1.193103448275862,1.187285223367698,1.182444061962134,6.613270223752152
2025-07-09 19:47:40,1.089655172413793,1.084192439862543,1.079173838209983,6.466626506024097
2025-07-09 19:48:40,1.0,1.0,1.0,6.319982788296041
2025-07-09 19:49:40,1.0,1.0,1.0,6.185042881646655
2025-07-09 19:50:40,1.0,1.0,1.0,6.085214408233276
2025-07-09 19:51:40,1.0,1.0,1.0,5.985385934819897
2025-07-09 19:52:40,1.0,1.0,1.0,5.885557461406518
2025-07-09 19:53:40,1.0,1.0,1.0,5.785728987993139
2025-07-09 19:54:40,1.0,1.0,1.0,5.685900514579759
2025-07-09 19:55:40,1.0,1.0,1.0,5.58607204116638
2025-07-09 19:56:40,1.0,1.0,1.0,5.486243567753001
2025-07-09 19:57:40,1.0,1.0,1.0,5.386415094339623
2025-07-09 19:58:40,1.0,1.0,1.0,5.286586620926244
2025-07-09 19:59:40,1.0,1.0,1.0,5.206953528399311
2025-07-09 20:00:40,1.0,1.0,1.0,5.14499139414802
2025-07-09 20:01:40,1.0,1.0,1.0,5.083029259896729
2025-07-09 20:02:40,1.0,1.0,1.0,5.021067125645438
2025-07-09 20:03:40,1.0,1.0,1.0,4.959104991394147
2025-07-09 20:04:40,1.0,1.0,1.0,4.897142857142857
2025-07-09 20:05:40,1.0,1.0,1.0,4.835180722891566
2025-07-09 20:06:40,1.0,1.0,1.0,4.773218588640275
2025-07-09 20:07:40,1.0,1.0,1.0,4.711256454388984
2025-07-09 20:08:40,1.0,1.0,1.0,4.649294320137694
2025-07-09 20:09:40,1.0,1.0,1.0,4.581187607573149
2025-07-09 20:10:40,1.0,1.0,1.0,4.511996557659208
2025-07-09 20:11:40,1.0,1.0,1.0,4.442805507745266
2025-07-09 20:12:40,1.0,1.0,1.0,4.373614457831325
2025-07-09 20:13:40,1.0,1.0,1.0,4.304423407917383
2025-07-09 20:14:40,1.0,1.0,1.0,4.235232358003442
2025-07-09 20:15:40,1.0,1.0,1.0,4.1660413080895
2025-07-09 20:16:40,1.0,1.0,1.0,4.096850258175559
2025-07-09 20:17:40,0.9982788296041308,0.9914089347079038,0.9862542955326461,4.027659208261618
2025-07-09 20:18:40,0.8950086058519794,0.8883161512027492,0.8831615120274915,3.940530451866405
2025-07-09 20:19:40,0.7917383820998279,0.7852233676975946,0.7800687285223369,3.763713163064833
2025-07-09 20:20:40,0.6884681583476765,0.68213058419244,0.6769759450171823,3.586895874263262
2025-07-09 20:21:40,0.585197934595525,0.5790378006872854,0.5738831615120276,3.41007858546169
2025-07-09 20:22:40,0.4819277108433736,0.4759450171821307,0.4707903780068729,3.233261296660118
2025-07-09 20:23:40,0.3786574870912221,0.3728522336769761,0.3676975945017182,3.056444007858546
2025-07-09 20:24:40,0.2753872633390706,0.2697594501718214,0.2646048109965636,2.879626719056974
2025-07-09 20:25:40,0.1721170395869191,0.1666666666666667,0.161512027491409,2.702809430255403
2025-07-09 20:26:40,0.06884681583476765,0.06357388316151207,0.0584192439862543,2.525992141453831
2025-07-09 20:27:40,0.0,0.0,0.0,2.433430531732419
2025-07-09 20:28:40,0.0,0.0,0.0,2.37991423670669
2025-07-09 20:29:40,0.0,0.0,0.0,2.326397941680961
2025-07-09 20:30:40,0.0,0.0,0.0,2.272881646655232
2025-07-09 20:31:40,0.0,0.0,0.0,2.219365351629503
2025-07-09 20:32:40,0.0,0.0,0.0,2.165849056603774
2025-07-09 20:33:40,0.0,0.0,0.0,2.112332761578045
2025-07-09 20:34:40,0.0,0.0,0.0,2.058816466552316
2025-07-09 20:35:40,0.0,0.0,0.0,2.005300171526587
2025-07-09 20:36:40,0.0,0.0,0.0,1.951783876500857
2025-07-09 20:37:40,0.0,0.0,0.0,1.91213058419244
2025-07-09 20:38:40,0.0,0.0,0.0,1.872955326460481
2025-07-09 20:39:40,0.0,0.0,0.0,1.833780068728522
2025-07-09 20:40:40,0.0,0.0,0.0,1.794604810996564
2025-07-09 20:41:40,0.0,0.0,0.0,1.755429553264605
2025-07-09 20:42:40,0.0,0.0,0.0,1.716254295532646
2025-07-09 20:43:40,0.0,0.0,0.0,1.677079037800687
2025-07-09 20:44:40,0.0,0.0,0.0,1.637903780068729
2025-07-09 20:45:40,0.0,0.0,0.0,1.59872852233677
2025-07-09 20:46:40,0.0,0.0,0.0,1.651032258064516
2025-07-09 20:47:40,0.0,0.0,0.0,1.954903225806452
2025-07-09 20:48:40,0.0,0.0,0.0,2.258774193548387
2025-07-09 20:49:40,0.0,0.0,0.0,2.562645161290323
2025-07-09 20:50:40,0.0,0.0,0.0,2.866516129032258
2025-07-09 20:51:40,0.0,0.0,0.0,3.115658914728682
2025-07-09 20:52:40,0.0,0.0,0.0,2.872248062015504
2025-07-09 20:53:40,0.0,0.0,0.0,2.628837209302326
2025-07-09 20:54:40,0.0,0.0,0.0,2.385426356589148
2025-07-09 20:55:40,0.0,0.0,0.0,2.142015503875969
2025-07-09 20:56:40,0.0,0.0,0.0,1.898604651162791
2025-07-09 20:57:40,0.0,0.0,0.0,1.655193798449612
2025-07-09 20:58:40,0.0,0.0,0.0,1.484750430292599
2025-07-09 20:59:40,0.0,0.0,0.0,1.353597246127367
2025-07-09 21:00:40,0.0,0.0,0.0,1.222444061962134
2025-07-09 21:01:40,0.0,0.0,0.0,1.091290877796902
2025-07-09 21:02:40,0.0,0.0,0.0,0.9601376936316696
2025-07-09 21:03:40,0.0,0.0,0.0,0.8289845094664372
2025-07-09 21:04:40,0.0,0.0,0.0,0.6978313253012048
2025-07-09 21:05:40,0.0,0.0,0.0,0.5666781411359725
2025-07-09 21:06:40,0.0,0.0,0.0,0.4355249569707401
2025-07-09 21:07:40,0.0,0.0,0.0,0.3043717728055078
2025-07-09 21:08:40,0.0,0.0,0.0,0.3
2025-07-09 21:09:40,0.0,0.0,0.0,0.3
2025-07-09 21:10:40,0.0,0.0,0.0,0.3
2025-07-09 21:11:40,0.0,0.0,0.0,0.3
2025-07-09 21:12:40,0.0,0.0,0.0,0.3
2025-07-09 21:13:40,0.0,0.0,0.0,0.3
2025-07-09 21:14:40,0.0,0.0,0.0,0.3
2025-07-09 21:15:40,0.0,0.0,0.0,0.3
2025-07-09 21:16:40,0.0,0.0,0.0,0.3
2025-07-09 21:17:40,0.0,0.0,0.0,0.3
2025-07-09 21:18:40,0.0,0.0,0.0,0.3
2025-07-09 21:19:40,0.0,0.0,0.0,0.3
2025-07-09 21:20:40,0.0,0.0,0.0,0.3
2025-07-09 21:21:40,0.0,0.0,0.0,0.3
2025-07-09 21:22:40,0.0,0.0,0.0,0.3
2025-07-09 21:23:40,0.0,0.0,0.0,0.3
2025-07-09 21:24:40,0.0,0.0,0.0,0.3
2025-07-09 21:25:40,0.0,0.0,0.0,0.3
2025-07-09 21:26:40,0.0,0.0,0.0,0.3
2025-07-09 21:27:40,0.0,0.0,0.0,0.2912220309810671
2025-07-09 21:28:40,0.0,0.0,0.0,0.2757314974182444
2025-07-09 21:29:40,0.0,0.0,0.0,0.2602409638554217
2025-07-09 21:30:40,0.0,0.0,0.0,0.244750430292599
2025-07-09 21:31:40,0.0,0.0,0.0,0.2292598967297763
2025-07-09 21:32:40,0.0,0.0,0.0,0.2137693631669535
2025-07-09 21:33:40,0.0,0.0,0.0,0.1982788296041308
2025-07-09 21:34:40,0.0,0.0,0.0,0.1827882960413081
2025-07-09 21:35:40,0.0,0.0,0.0,0.1672977624784854
2025-07-09 21:36:40,0.0,0.0,0.0,0.1518072289156626
2025-07-09 21:37:40,0.0,0.0,0.0,0.1563745704467354
2025-07-09 21:38:40,0.0,0.0,0.0,0.1635910652920962
2025-07-09 21:39:40,0.0,0.0,0.0,0.170807560137457
2025-07-09 21:40:40,0.0,0.0,0.0,0.1780240549828179
2025-07-09 21:41:40,0.0,0.0,0.0,0.1852405498281787
2025-07-09 21:42:40,0.0,0.0,0.0,0.1924570446735395
2025-07-09 21:43:40,0.0,0.0,0.0,0.1996735395189004
2025-07-09 21:44:40,0.0,0.0,0.0,0.2068900343642612
2025-07-09 21:45:40,0.0,0.0,0.0,0.214106529209622
2025-07-09 21:46:40,0.0,0.0,0.0,0.321764705882353
2025-07-09 21:47:40,0.0,0.0,0.0,0.8768449197860962
2025-07-09 21:48:40,0.0,0.0,0.0,1.43192513368984
2025-07-09 21:49:40,0.0,0.0,0.0,0.4492123287671233
2025-07-09 21:50:40,0.0,0.0,0.0,0.4255821917808219
2025-07-09 21:51:40,0.0,0.0,0.0,0.4019520547945206
2025-07-09 21:52:40,0.0,0.0,0.0,0.3783219178082192
2025-07-09 21:53:40,0.0,0.0,0.0,0.3546917808219178
2025-07-09 21:54:40,0.0,0.0,0.0,0.3310616438356164
2025-07-09 21:55:40,0.0,0.0,0.0,0.3074315068493151
2025-07-09 21:56:40,0.0,0.0,0.0,0.2838013698630137
2025-07-09 21:57:40,0.0,0.0,0.0,0.2601712328767123
2025-07-09 21:58:40,0.0,0.0,0.0,0.236541095890411
2025-07-09 21:59:40,0.0,0.0,0.0,0.2153528399311532
2025-07-09 22:00:40,0.0,0.0,0.0,0.1998623063683305
2025-07-09 22:01:40,0.0,0.0,0.0,0.1843717728055078
2025-07-09 22:02:40,0.0,0.0,0.0,0.1688812392426851
2025-07-09 22:03:40,0.0,0.0,0.0,0.1533907056798623
2025-07-09 22:04:40,0.0,0.0,0.0,0.1379001721170396
2025-07-09 22:05:40,0.0,0.0,0.0,0.1224096385542169
2025-07-09 22:06:40,0.0,0.0,0.0,0.1069191049913941
2025-07-09 22:07:40,0.0,0.0,0.0,0.09142857142857143
2025-07-09 22:08:40,0.0,0.0,0.0,0.07593803786574871
2025-07-09 22:09:40,0.0,0.0,0.0,0.08467241379310346
2025-07-09 22:10:40,0.0,0.0,0.0,0.1084655172413793
2025-07-09 22:11:40,0.0,0.0,0.0,0.1322586206896552
2025-07-09 22:12:40,0.0,0.0,0.0,0.1560517241379311
2025-07-09 22:13:40,0.0,0.0,0.0,0.1798448275862069
2025-07-09 22:14:40,0.0,0.0,0.0,0.2036379310344828
2025-07-09 22:15:40,0.0,0.0,0.0,0.2274310344827586
2025-07-09 22:16:40,0.0,0.0,0.0,0.2512241379310345
2025-07-09 22:17:40,0.0,0.0,0.0,0.2750172413793103
2025-07-09 22:18:40,0.0,0.0,0.0,0.2988103448275862
2025-07-09 22:19:40,0.0,0.0,0.0,0.2853344768439108
2025-07-09 22:20:40,0.0,0.0,0.0,0.2698970840480274
2025-07-09 22:21:40,0.0,0.0,0.0,0.2544596912521441
2025-07-09 22:22:40,0.0,0.0,0.0,0.2390222984562607
2025-07-09 22:23:40,0.0,0.0,0.0,0.2235849056603774
2025-07-09 22:24:40,0.0,0.0,0.0,0.208147512864494
2025-07-09 22:25:40,0.0,0.0,0.0,0.1927101200686107
2025-07-09 22:26:40,0.0,0.0,0.0,0.1772727272727273
2025-07-09 22:27:40,0.0,0.0,0.0,0.1618353344768439
2025-07-09 22:28:40,0.0,0.0,0.0,0.15
2025-07-09 22:29:40,0.0,0.0,0.0,0.15
2025-07-09 22:30:40,0.0,0.0,0.0,0.15
2025-07-09 22:31:40,0.0,0.0,0.0,0.15
2025-07-09 22:32:40,0.0,0.0,0.0,0.15
2025-07-09 22:33:40,0.0,0.0,0.0,0.15
2025-07-09 22:34:40,0.0,0.0,0.0,0.15
2025-07-09 22:35:40,0.0,0.0,0.0,0.15
2025-07-09 22:36:40,0.0,0.0,0.0,0.15
2025-07-09 22:37:40,0.0,0.0,0.0,0.15
2025-07-09 22:38:40,0.0,0.0,0.0,0.1538620689655172
2025-07-09 22:39:40,0.0,0.0,0.0,0.1611034482758621
2025-07-09 22:40:40,0.0,0.0,0.0,0.1683448275862069
2025-07-09 22:41:40,0.0,0.0,0.0,0.1755862068965517
2025-07-09 22:42:40,0.0,0.0,0.0,0.1828275862068965
2025-07-09 22:43:40,0.0,0.0,0.0,0.1900689655172414
2025-07-09 22:44:40,0.0,0.0,0.0,0.1973103448275862
2025-07-09 22:45:40,0.0,0.0,0.0,0.204551724137931
2025-07-09 22:46:40,0.0,0.0,0.0,0.2117931034482758
2025-07-09 22:47:40,0.0,0.0,0.0,0.2190344827586207
2025-07-09 22:48:40,0.0,0.0,0.0,0.2137457044673539
2025-07-09 22:49:40,0.0,0.0,0.0,0.2065292096219931
2025-07-09 22:50:40,0.0,0.0,0.0,0.1993127147766323
2025-07-09 22:51:40,0.0,0.0,0.0,0.1920962199312715
2025-07-09 22:52:40,0.0,0.0,0.0,0.1848797250859106
2025-07-09 22:53:40,0.0,0.0,0.0,0.1776632302405498
2025-07-09 22:54:40,0.0,0.0,0.0,0.170446735395189
2025-07-09 22:55:40,0.0,0.0,0.0,0.1632302405498282
2025-07-09 22:56:40,0.0,0.0,0.0,0.1560137457044673
2025-07-09 22:57:40,0.0,0.0,0.0,0.1525817555938038
2025-07-09 22:58:40,0.0,0.0,0.0,0.1680722891566265
2025-07-09 22:59:40,0.0,0.0,0.0,0.1835628227194492
2025-07-09 23:00:40,0.0,0.0,0.0,0.1990533562822719
2025-07-09 23:01:40,0.0,0.0,0.0,0.2145438898450946
2025-07-09 23:02:40,0.0,0.0,0.0,0.2300344234079174
2025-07-09 23:03:40,0.0,0.0,0.0,0.2455249569707401
2025-07-09 23:04:40,0.0,0.0,0.0,0.2610154905335628
2025-07-09 23:05:40,0.0,0.0,0.0,0.2765060240963855
2025-07-09 23:06:40,0.0,0.0,0.0,0.2919965576592082
2025-07-09 23:07:40,0.0,0.0,0.0,0.285
2025-07-09 23:08:40,0.0,0.0,0.0,0.2539655172413793
2025-07-09 23:09:40,0.0,0.0,0.0,0.2229310344827586
2025-07-09 23:10:40,0.0,0.0,0.0,0.1918965517241379
2025-07-09 23:11:40,0.0,0.0,0.0,0.1608620689655172
2025-07-09 23:12:40,0.0,0.0,0.0,0.1298275862068965
2025-07-09 23:13:40,0.0,0.0,0.0,0.09879310344827583
2025-07-09 23:14:40,0.0,0.0,0.0,0.06775862068965514
2025-07-09 23:15:40,0.0,0.0,0.0,0.03672413793103447
2025-07-09 23:16:40,0.0,0.0,0.0,0.00568965517241379
2025-07-09 23:17:40,0.0,0.0,0.0,0.00588336192109777
2025-07-09 23:18:40,0.0,0.0,0.0,0.01308747855917667
2025-07-09 23:19:40,0.0,0.0,0.0,0.02029159519725558
2025-07-09 23:20:40,0.0,0.0,0.0,0.02749571183533448
2025-07-09 23:21:40,0.0,0.0,0.0,0.03469982847341338
2025-07-09 23:22:40,0.0,0.0,0.0,0.04190394511149229
2025-07-09 23:23:40,0.0,0.0,0.0,0.04910806174957119
2025-07-09 23:24:40,0.0,0.0,0.0,0.0563121783876501
2025-07-09 23:25:40,0.0,0.0,0.0,0.063516295025729
2025-07-09 23:26:40,0.0,0.0,0.0,0.07153846153846155
2025-07-09 23:27:40,0.0,0.0,0.0,0.08692307692307694
2025-07-09 23:28:40,0.0,0.0,0.0,0.1023076923076923
2025-07-09 23:29:40,0.0,0.0,0.0,0.1176923076923077
2025-07-09 23:30:40,0.0,0.0,0.0,0.1330769230769231
2025-07-09 23:31:40,0.0,0.0,0.0,0.1484615384615385
2025-07-09 23:32:40,0.0,0.0,0.0,0.1638461538461539
2025-07-09 23:33:40,0.0,0.0,0.0,0.1792307692307692
2025-07-09 23:34:40,0.0,0.0,0.0,0.1946153846153846
2025-07-09 23:35:40,0.0,0.0,0.0,0.21
2025-07-09 23:36:40,0.0,0.0,0.0,0.22
2025-07-09 23:37:40,0.0,0.0,0.0,0.22
2025-07-09 23:38:40,0.0,0.0,0.0,0.22
2025-07-09 23:39:40,0.0,0.0,0.0,0.22
2025-07-09 23:40:40,0.0,0.0,0.0,0.22
2025-07-09 23:41:40,0.0,0.0,0.0,0.22
2025-07-09 23:42:40,0.0,0.0,0.0,0.22
2025-07-09 23:43:40,0.0,0.0,0.0,0.22
2025-07-09 23:44:40,0.0,0.0,0.0,0.22
2025-07-09 23:45:40,0.0,0.0,0.0,0.22
2025-07-09 23:46:40,0.0,0.0,0.0,0.2150940170940171
2025-07-09 23:47:40,0.0,0.0,0.0,0.2079145299145299
2025-07-09 23:48:40,0.0,0.0,0.0,0.2007350427350427
2025-07-09 23:49:40,0.0,0.0,0.0,0.1935555555555555
2025-07-09 23:50:40,0.0,0.0,0.0,0.1863760683760683
2025-07-09 23:51:40,0.0,0.0,0.0,0.1791965811965812
2025-07-09 23:52:40,0.0,0.0,0.0,0.172017094017094
2025-07-09 23:53:40,0.0,0.0,0.0,0.1648376068376068
2025-07-09 23:54:40,0.0,0.0,0.0,0.1576581196581197
2025-07-09 23:55:40,0.0,0.0,0.0,0.1504786324786325
2025-07-09 23:56:40,0.0,0.0,0.0,0.1644578313253012
2025-07-09 23:57:40,0.0,0.0,0.0,0.1799483648881239
2025-07-09 23:58:40,0.0,0.0,0.0,0.1954388984509466
2025-07-09 23:59:40,0.0,0.0,0.0,0.2109294320137693
2025-07-10 00:00:40,0.0,0.0,0.0,0.2264199655765921
2025-07-10 00:01:40,0.0,0.0,0.0,0.2419104991394148
2025-07-10 00:02:40,0.0,0.0,0.0,0.2574010327022375
2025-07-10 00:03:40,0.0,0.0,0.0,0.2728915662650602
2025-07-10 00:04:40,0.0,0.0,0.0,0.2883820998278829
2025-07-10 00:05:40,0.0,0.0,0.0,0.3
2025-07-10 00:06:40,0.0,0.0,0.0,0.3
2025-07-10 00:07:40,0.0,0.0,0.0,0.3
2025-07-10 00:08:40,0.0,0.0,0.0,0.3
2025-07-10 00:09:40,0.0,0.0,0.0,0.3
2025-07-10 00:10:40,0.0,0.0,0.0,0.3
2025-07-10 00:11:40,0.0,0.0,0.0,0.3
2025-07-10 00:12:40,0.0,0.0,0.0,0.3
2025-07-10 00:13:40,0.0,0.0,0.0,0.3
2025-07-10 00:14:40,0.0,0.0,0.0,0.3
2025-07-10 00:15:40,0.0,0.0,0.0,0.295448275862069
2025-07-10 00:16:40,0.0,0.0,0.0,0.2871724137931034
2025-07-10 00:17:40,0.0,0.0,0.0,0.2788965517241379
2025-07-10 00:18:40,0.0,0.0,0.0,0.2706206896551724
2025-07-10 00:19:40,0.0,0.0,0.0,0.2623448275862069
2025-07-10 00:20:40,0.0,0.0,0.0,0.2540689655172413
2025-07-10 00:21:40,0.0,0.0,0.0,0.2457931034482758
2025-07-10 00:22:40,0.0,0.0,0.0,0.2375172413793103
2025-07-10 00:23:40,0.0,0.0,0.0,0.2292413793103448
2025-07-10 00:24:40,0.0,0.0,0.0,0.2209655172413793
2025-07-10 00:25:40,0.0,0.0,0.0,0.2063636363636364
2025-07-10 00:26:40,0.0,0.0,0.0,0.190926243567753
2025-07-10 00:27:40,0.0,0.0,0.0,0.1754888507718697
2025-07-10 00:28:40,0.0,0.0,0.0,0.1600514579759863
2025-07-10 00:29:40,0.0,0.0,0.0,0.1446140651801029
2025-07-10 00:30:40,0.0,0.0,0.0,0.1291766723842196
2025-07-10 00:31:40,0.0,0.0,0.0,0.1137392795883362
2025-07-10 00:32:40,0.0,0.0,0.0,0.09830188679245286
2025-07-10 00:33:40,0.0,0.0,0.0,0.08286449399656948
2025-07-10 00:34:40,0.0,0.0,0.0,0.06879725085910654
2025-07-10 00:35:40,0.0,0.0,0.0,0.06158075601374571
2025-07-10 00:36:40,0.0,0.0,0.0,0.05436426116838489
2025-07-10 00:37:40,0.0,0.0,0.0,0.04714776632302406
2025-07-10 00:38:40,0.0,0.0,0.0,0.03993127147766323
2025-07-10 00:39:40,0.0,0.0,0.0,0.03271477663230241
